"date","apparentTemperatureMax","apparentTemperatureMin","sunsetTimeHour","weekday","season","cloudCover","humidity","visibility","month","dewPoint","pressure","energy_sum"
2014-02-08,5.67,2.19,"17","6","winter",0.47,0.77,11.2,"2",3.99,979.25,11.5693004562016
2013-12-24,11.93,2.68,"15","2","winter",0.4,0.81,10.86,"12",5.42,979.52,11.9816715628868
2012-11-01,11.46,0.85,"16","4","autumn",0.44,0.85,12.54,"11",5.06,979.63,10.7816885860688
2014-02-05,5.86,1.03,"16","3","winter",0.73,0.77,10.91,"2",4.06,982.2,11.4151045424321
2012-04-17,10.01,2.76,"19","2","spring",0.6,0.87,11.86,"4",5.74,982.22,10.6174434014384
2012-04-18,8.05,3.41,"19","3","spring",0.67,0.91,10.7,"4",6.34,984.05,10.7933208024257
2013-12-25,4.98,0.23,"15","3","winter",0.03,0.85,12.36,"12",2.57,984.66,12.5428469510484
2014-02-09,3.91,1.38,"17","7","winter",0.52,0.66,12.71,"2",0.82,984.71,12.202967430864
2014-01-28,6.34,1.96,"16","2","winter",0.61,0.83,11.94,"1",3.59,985.33,11.3448047011651
2012-12-14,10.34,-0.92,"15","5","autumn",0.71,0.92,7.45,"12",5.46,985.82,13.0831425731138
2013-12-27,10.99,3.68,"15","5","winter",0.37,0.75,11.43,"12",4.83,986.81,11.6619784475705
2011-12-16,0.99,-2.65,"15","5","autumn",0.7,0.88,10.96,"12",1.6,988.1,13.3760801416031
2012-04-24,11.94,2.27,"19","2","spring",0.57,0.88,11.22,"4",6.86,988.28,10.0326027908213
2014-02-15,5.79,1.77,"17","6","winter",0.35,0.69,12.38,"2",2.95,988.63,11.4904696152022
2014-02-07,8.44,-0.86,"17","5","winter",0.63,0.79,10.85,"2",4.16,988.77,10.972318254623
2012-09-24,15.47,7.49,"17","1","autumn",0.28,0.78,13.13,"9",8.56,988.79,9.62013563396954
2012-09-23,15.2,11.51,"17","7","autumn",0.66,0.88,8.1,"9",11.14,989.47,10.48501289071
2014-01-27,4.34,-2.02,"16","1","winter",0.38,0.79,12.68,"1",1.44,989.87,11.7538709560971
2014-02-06,7.34,1.96,"16","4","winter",0.67,0.82,10.53,"2",4.96,989.9,11.4454033323617
2012-10-31,12.36,4.43,"16","3","autumn",0.49,0.79,12.99,"10",6.24,989.93,10.8264622206197
2012-04-09,12.9,2.8,"18","1","spring",0.37,0.7,13.18,"4",3.93,990.03,10.6329381068606
2014-02-01,6.86,1.1,"16","6","winter",0.19,0.76,11.6,"2",3.18,990.08,11.7105819325163
2011-12-13,12.08,0.22,"15","2","autumn",0.42,0.75,12.55,"12",3.62,990.27,11.9574464294643
2014-02-14,12.02,0.45,"17","5","winter",0.67,0.81,11.17,"2",3.99,990.31,11.8169143320215
2013-03-17,5.13,-0.32,"18","7","winter",0.64,0.88,11.52,"3",3.16,990.34,12.5777825527296
2014-01-16,10.72,3.91,"16","4","winter",0.58,0.83,11.72,"1",6.13,990.5,10.9503075430203
2014-01-17,5.71,2.83,"16","5","winter",0.47,0.87,11.7,"1",5.32,990.8,11.1387360642505
2013-03-18,7.06,-1.32,"18","1","winter",0.5,0.91,7.97,"3",2.21,991.02,11.8165725891348
2012-11-02,6.88,1.81,"16","5","autumn",0.23,0.77,12.96,"11",2.96,991.25,11.026956710777
2012-12-15,11.17,4.32,"15","6","autumn",0.39,0.86,13.15,"12",6.32,991.49,12.4537583213821
2014-01-18,7.53,4.83,"16","6","winter",0.35,0.83,11.81,"1",5.81,991.61,11.5465703025207
2013-11-04,8.24,2.11,"16","1","autumn",0.29,0.82,11.14,"11",4.38,991.64,10.3219179197881
2012-09-25,15.14,10.07,"17","2","autumn",0.39,0.88,12.44,"9",10.23,992.07,9.22081783264438
2014-02-13,3.42,0.05,"17","4","winter",0.36,0.68,13.04,"2",-0.01,992.43,11.2857367269835
2013-10-28,16.08,6.58,"16","1","autumn",0.49,0.81,11.2,"10",9.18,992.5,9.8814403397806
2014-02-10,7.07,0.89,"17","1","winter",0.55,0.84,11.81,"2",3.01,992.84,11.2641751736048
2012-04-19,12.46,2.92,"19","4","spring",0.37,0.83,11.52,"4",5.19,993.06,10.6927654697702
2014-01-02,10.75,3.36,"16","4","winter",0.4,0.82,12.23,"1",6.02,993.31,11.2233471863752
2014-01-01,11.34,3.18,"16","3","winter",0.642309518585873,0.86,9.95,"1",6.78,993.32,12.3025863898608
2014-01-04,6.66,1.16,"16","6","winter",0.61,0.84,11.27,"1",5.21,993.71,11.9950962923514
2012-04-25,13.89,5.94,"19","3","spring",0.56,0.77,12.5,"4",6.93,993.73,10.4972886333683
2014-01-29,2.53,0.18,"16","3","winter",0.93,0.9,9.53,"1",3.05,993.99,11.8007765057256
2013-05-14,13.64,2.67,"19","2","spring",0.71,0.71,11.97,"5",4.12,994.19,9.29040938778171
2012-11-04,7.03,1.18,"16","7","autumn",0.59,0.92,9.99,"11",3.97,994.21,12.6180360440862
2014-02-12,4.73,-1.2,"17","3","winter",0.59,0.75,11.8,"2",1.94,994.27,11.679099381932
2011-12-14,2.88,0.78,"15","3","autumn",0.36,0.79,13.2,"12",1.68,994.48,12.392775862931
2014-01-03,10.49,2.77,"16","5","winter",0.4,0.78,10.93,"1",5.08,994.51,11.4890460694962
2013-01-21,1.08,-4.23,"16","1","winter",0.68,0.9,8.14,"1",-1.86,994.61,13.6400919818397
2014-01-06,12.57,5.91,"16","1","winter",0.58,0.78,10.67,"1",7.64,994.61,11.4085163688296
2013-11-05,12.39,2.98,"16","2","autumn",0.56,0.83,12.1,"11",5.82,994.74,10.7103691212028
2013-01-20,-0.46,-5.88,"16","7","winter",0.85,0.91,5.1,"1",-1.87,994.89,15.0218996733006
2013-12-26,4.53,-0.06,"15","4","winter",0.49,0.92,9.8,"12",2.86,995.06,11.6558585151675
2012-04-22,7.28,4.53,"19","7","spring",0.63,0.86,11.68,"4",5.63,995.32,10.6759580239365
2014-01-19,7.39,2.11,"16","7","winter",0.33,0.8,12.54,"1",3.55,995.52,10.6354125075163
2012-12-25,6.49,3.86,"15","2","winter",0.56,0.89,13.07,"12",6.27,995.66,12.5093124209066
2013-03-16,3.91,1.78,"18","6","winter",0.69,0.85,12.13,"3",4.27,996.08,12.186486909458
2012-11-03,6.47,1.56,"16","6","autumn",0.25,0.79,12.71,"11",2.79,996.52,11.3928860700417
2014-02-11,4.06,-0.57,"17","2","winter",0.41,0.76,12.39,"2",1.32,996.66,11.4526493140274
2013-10-26,15.87,11.66,"16","6","autumn",0.32,0.81,11.18,"10",10.34,996.66,9.61582056214863
2011-12-15,4.38,1.07,"15","4","autumn",0.42,0.77,12.79,"12",2.41,996.75,12.3070793706349
2014-02-04,5.63,1.12,"16","2","winter",0.42,0.75,12.05,"2",2.69,996.87,11.0955844370224
2012-04-23,12.48,4.03,"19","1","spring",0.57,0.76,11.75,"4",4.68,996.88,10.2332989513514
2013-03-07,7.99,6.67,"17","4","winter",0.68,0.93,2.78,"3",7.51,996.96,10.8894692678138
2012-04-10,12.91,1.97,"18","2","spring",0.31,0.7,13.1,"4",2.74,996.99,9.91865182430657
2012-04-20,12.45,1.57,"19","5","spring",0.35,0.73,12.76,"4",3.41,997,10.2849724452354
2013-04-10,11.3,2.98,"18","3","spring",0.69,0.9,6.07,"4",6.18,997.1,10.3913719418458
2013-01-19,-2.56,-5.37,"16","6","winter",0.84,0.86,7.53,"1",-1.83,997.28,14.7039191198655
2013-12-28,5.34,0.77,"15","6","winter",0.11,0.77,13.45,"12",1.72,997.47,11.3790258671174
2013-04-08,6.01,0.39,"18","1","spring",0.7,0.83,6.66,"4",3.41,997.5,10.5934204491202
2013-03-19,5.81,0.65,"18","2","winter",0.59,0.83,8.32,"3",1.92,997.51,11.3876267050719
2013-04-11,11.51,4.87,"18","4","spring",0.54,0.87,11.62,"4",6.92,997.53,10.5597506942169
2013-10-21,18.04,13.79,"16","1","autumn",0.44,0.86,11.67,"10",14.21,997.55,9.47261790161694
2013-03-08,9.04,6.61,"17","5","winter",0.83,0.96,1.93,"3",8.38,997.56,10.9301702281503
2012-04-08,10.81,5.58,"18","7","spring",0.72,0.89,11.15,"4",7.97,997.57,10.6163328348507
2013-01-27,10.26,1.49,"16","7","winter",0.43,0.77,12.01,"1",4.08,997.84,12.9283932653685
2012-11-10,10.31,3.38,"16","6","autumn",0.49,0.91,11.78,"11",7.38,997.84,11.421789797775
2012-06-06,17.29,12.6,"20","3","spring",0.6,0.86,11.15,"6",12.18,998.19,8.42571451266491
2012-10-16,16.6,7.41,"17","2","autumn",0.42,0.82,12.2,"10",9.87,998.22,9.87523371759487
2012-11-26,10.69,5,"16","1","autumn",0.64,0.91,11.31,"11",7.1,998.27,11.5082332729837
2012-06-07,15.17,12.28,"20","4","spring",0.68,0.78,12.05,"6",9.71,998.33,8.75159546561605
2014-01-31,5.27,0.29,"16","5","winter",0.73,0.91,7.08,"1",3.93,998.51,11.8579569248765
2014-01-15,11.19,2.89,"16","3","winter",0.77,0.9,9.85,"1",7.91,998.57,11.1848494391458
2013-12-23,11.95,2.07,"15","1","winter",0.58,0.84,9.98,"12",6.53,998.59,12.0463251759005
2013-11-02,15.08,10.27,"16","6","autumn",0.43,0.82,9.46,"11",8.58,998.6,9.97770980213749
2013-10-22,16.53,8.92,"16","2","autumn",0.34,0.8,12.42,"10",10.86,998.6,9.31166147028483
2013-11-03,11.43,3.89,"16","7","autumn",0.22,0.74,11.99,"11",4.57,998.64,11.0441856336607
2012-12-24,12.3,5.49,"15","1","winter",0.61,0.91,10.85,"12",8.28,999.12,12.0538786494105
2013-02-11,-1.66,-3.92,"17","1","winter",0.87,0.93,4.36,"2",0.27,999.17,13.0586748727753
2013-11-06,14.87,6.77,"16","3","autumn",0.62,0.88,10.19,"11",9.99,999.46,10.4785114663519
2013-02-10,1.58,-4.17,"17","7","winter",0.84,0.93,7.07,"2",2.29,999.65,13.5981282156848
2012-12-16,7.78,3.01,"15","7","autumn",0.39,0.89,12.86,"12",5.42,999.72,12.7608482267909
2013-05-15,15.13,4.17,"19","3","spring",0.36,0.74,10.93,"5",4.78,999.92,9.25626653054572
2014-01-05,11.96,-0.88,"16","7","winter",0.44,0.87,11.67,"1",3.88,1000.02,12.6112740641051
2013-02-05,2.38,-2.91,"16","2","winter",0.48,0.73,12.84,"2",-0.18,1000.03,12.0102716505743
2013-09-16,13.7,5.6,"18","1","summer",0.61,0.84,11.44,"9",8.37,1000.28,8.95260099350277
2014-02-25,11.43,3.89,"17","2","winter",0.62,0.78,12.09,"2",5.06,1000.65,10.2949965968769
2013-05-27,12.13,9.12,"20","1","spring",0.67,0.86,9.37,"5",8.67,1000.65,8.55665845403136
2013-03-06,13.14,6.51,"17","3","winter",0.17,0.72,8.37,"3",4.95,1000.69,10.6752483423473
2012-10-15,14.74,7.15,"17","1","autumn",0.39,0.74,12.59,"10",6.91,1000.8,10.2020812658837
2012-08-24,20.93,15.04,"19","5","summer",0.52,0.88,12.3,"8",14.85,1001.05,7.89937266407726
2011-12-04,6.66,1.03,"15","7","autumn",0.36,0.82,13.36,"12",4.87,1001.15,12.1631272745455
2014-02-20,12.5,3.95,"17","4","winter",0.61,0.84,10.61,"2",7.23,1001.54,10.5738353968038
2013-01-22,-1.43,-5.09,"16","2","winter",0.53,0.88,6.31,"1",-1.46,1001.55,13.5269712726727
2012-12-17,6.39,3.08,"15","1","autumn",0.32,0.86,12.71,"12",4.71,1001.69,11.9420213495386
2012-12-07,2.12,-2.07,"15","5","autumn",0.56,0.8,12.84,"12",1.59,1001.72,12.8279515198806
2014-01-30,5.86,0.61,"16","4","winter",0.81,0.91,6.63,"1",3.08,1001.76,11.6851688718349
2012-11-25,12.54,2.87,"16","7","autumn",0.54,0.81,12.36,"11",6.88,1001.79,12.1858061844874
2012-10-17,16.04,12.15,"17","3","autumn",0.44,0.85,13.23,"10",11.2,1001.82,9.77540481074986
2012-06-10,13.28,10.97,"20","7","spring",0.85,0.95,6.37,"6",11.57,1002,9.117167904172
2013-12-19,7.07,0.55,"15","4","autumn",0.36,0.78,13.89,"12",3.06,1002.06,11.4442993552142
2012-07-12,19.26,14.21,"20","4","summer",0.58,0.83,12.26,"7",12.88,1002.07,8.24025363211538
2014-01-26,5.99,-1.3,"16","7","winter",0.4,0.79,11.97,"1",2.39,1002.1,12.7296587090945
2013-02-01,5.33,2.49,"16","5","winter",0.49,0.85,12.5,"2",3.73,1002.38,11.5806355520328
2013-03-09,7.53,0.97,"17","6","winter",0.84,0.9,5.68,"3",4.62,1002.41,11.5598780610794
2012-04-16,13.77,1.82,"19","1","spring",0.42,0.71,12.55,"4",2.85,1002.45,10.4448520683463
2011-12-12,5.94,-0.64,"15","1","autumn",0.38,0.84,12.05,"12",4.1,1002.47,11.9519583324074
2012-10-13,12.32,1.64,"17","6","autumn",0.2,0.8,11.86,"10",4.1,1002.5,10.0973906103592
2012-04-21,14.03,2.21,"19","6","spring",0.29,0.78,13.12,"4",4.69,1002.51,10.2373611099773
2012-12-20,7.93,2.82,"15","4","autumn",0.76,0.96,8.96,"12",7.49,1002.52,12.24311350458
2012-06-05,18.13,12.52,"20","2","spring",0.52,0.82,11.86,"6",11.78,1002.58,9.22631783055333
2012-10-14,13.03,2.83,"17","7","autumn",0.31,0.84,12.17,"10",6.39,1002.67,10.7456926434898
2013-09-15,14.08,5.59,"18","7","summer",0.31,0.67,13.55,"9",5.26,1002.85,9.88995758458158
2012-04-11,12.13,2.56,"18","3","spring",0.32,0.77,12.02,"4",4.07,1002.96,10.0639800401996
2014-01-07,11.38,5.34,"16","2","winter",0.59,0.78,11.36,"1",6.63,1003.19,11.2682336777691
2012-01-03,12.41,1.73,"16","2","winter",0.48,0.82,10.8,"1",5.73,1003.23,12.7440454538278
2012-04-02,12.92,5.04,"18","1","spring",0.31,0.75,11.12,"4",4.77,1003.25,9.92628863990536
2013-01-29,13.09,7.09,"16","2","winter",0.69,0.89,10.88,"1",9.99,1003.25,11.61870890213
2012-12-04,4.36,-2.14,"15","2","autumn",0.21,0.82,12.89,"12",1.43,1003.4,12.2684677032206
2013-09-17,15.18,10.77,"18","2","summer",0.61,0.78,11.18,"9",8.8,1003.41,9.24242909053899
2014-02-21,10.15,0.19,"17","5","winter",0.22,0.72,13.31,"2",1.83,1003.42,10.5181264982014
2013-04-09,10.59,0.4,"18","2","spring",0.61,0.79,4.44,"4",3.18,1003.54,10.9003879231753
2011-12-03,11.42,4.71,"15","6","autumn",0.54,0.79,12.7,"12",6.58,1003.55,10.7802727290909
2012-12-23,13.08,7.75,"15","7","winter",0.53,0.86,12.73,"12",9.3,1003.59,11.9345226692057
2013-05-13,10.94,4.75,"19","1","spring",0.67,0.8,11.38,"5",5.73,1003.62,8.81359064611515
2012-11-27,6.07,3.08,"15","2","autumn",0.72,0.9,9.69,"11",5.98,1003.65,11.6814518979566
2014-02-03,4.59,1.96,"16","1","winter",0.47,0.79,12.5,"2",2.86,1003.89,11.2800114828351
2013-11-20,3.21,-4.81,"16","3","autumn",0.52,0.85,12.18,"11",0.72,1003.95,11.8338616216373
2013-01-18,-2.04,-7.8,"16","5","winter",0.67,0.85,6.41,"1",-2.88,1004.05,14.0458393609122
2012-12-26,10.18,1.34,"15","3","winter",0.39,0.88,12.94,"12",5.73,1004.15,11.6725711951206
2012-12-29,11.97,3.69,"16","6","winter",0.59,0.83,12.5,"12",7.41,1004.18,11.6741681163221
2013-11-21,4.39,-0.77,"16","4","autumn",0.48,0.78,11.96,"11",1.82,1004.26,11.6342867118559
2013-12-31,10.36,2.79,"16","2","winter",0.59,0.85,12.13,"12",5.77,1004.27,11.9139172398313
2013-05-28,12.79,7.59,"20","2","spring",0.76,0.87,9.24,"5",8.79,1004.27,8.9954750800448
2014-01-14,4.15,-1.16,"16","2","winter",0.29,0.81,13.08,"1",1.69,1004.33,11.3336020446172
2012-10-10,14.99,7.37,"17","3","autumn",0.71,0.89,8.69,"10",10.58,1004.43,9.63637158359646
2012-10-30,10.92,3.44,"16","2","autumn",0.45,0.84,11.25,"10",5,1004.48,10.8085337927885
2012-05-17,15.77,7.09,"19","4","spring",0.46,0.77,11.52,"5",8.52,1004.51,8.81630717873122
2013-10-25,16.66,14.34,"16","5","autumn",0.49,0.85,11.31,"10",12.75,1004.52,9.18184058475164
2013-03-05,16.06,1.49,"17","2","winter",0.12,0.74,8.11,"3",3.28,1004.57,10.8604805896228
2012-07-13,16.44,13.13,"20","5","summer",0.63,0.88,11.91,"7",12.58,1004.61,8.22849077287381
2012-01-05,11.46,3.67,"16","4","winter",0.47,0.7,12.92,"1",4.28,1004.74,12.8480783845606
2012-04-28,14.89,1.49,"19","6","spring",0.7,0.86,10.28,"4",6.86,1004.79,10.7189218314159
2012-01-01,12.59,4.86,"16","7","winter",0.58,0.9,12.33,"1",9.45,1004.82,12.4662652051095
2012-10-12,11.53,4.01,"17","5","autumn",0.29,0.84,12.94,"10",6.15,1004.92,9.61199562837324
2012-06-28,20.96,13.96,"20","4","summer",0.44,0.75,13.04,"6",12.33,1004.93,8.13416237460658
2012-04-12,12.02,2.81,"18","4","spring",0.45,0.77,8.8,"4",3.93,1005.09,10.1153617465696
2014-01-13,6.98,2.68,"16","1","winter",0.37,0.83,12.44,"1",4.52,1005.09,11.3645537183196
2013-10-24,18.47,13.16,"16","4","autumn",0.47,0.86,10.91,"10",13.26,1005.16,9.2018483147642
2014-02-24,14.23,5.52,"17","1","winter",0.5,0.74,13,"2",6.03,1005.19,10.4114030845214
2012-12-22,13.07,4.44,"15","6","winter",0.67,0.96,10.15,"12",9.32,1005.25,12.3587841216422
2012-08-23,20.27,14.07,"19","4","summer",0.44,0.76,12.34,"8",12.3,1005.28,7.82350346340542
2013-10-19,17.04,12.16,"16","6","autumn",0.42,0.89,11.57,"10",12.21,1005.32,9.62103694427554
2012-10-11,14.73,7.12,"17","4","autumn",0.48,0.75,13.07,"10",7.08,1005.33,10.0057077271041
2014-02-02,6.48,3.21,"16","7","winter",0.22,0.72,12.89,"2",2.63,1005.39,12.0781643556832
2012-12-27,5.36,3.64,"15","4","winter",0.51,0.84,12.46,"12",4.81,1005.46,11.8428621187046
2013-01-28,10.54,-0.68,"16","1","winter",0.47,0.84,11.91,"1",4.14,1005.47,12.3470513184713
2012-07-07,18.77,14.28,"20","6","summer",0.55,0.89,10.94,"7",14.02,1005.49,8.4453850612709
2012-06-27,28.64,16.23,"20","3","summer",0.31,0.75,12.79,"6",16.52,1005.5,8.25614630069212
2013-11-08,11,2.54,"16","5","autumn",0.5,0.9,12.1,"11",6.02,1005.53,10.5311736437584
2013-10-18,17.52,13.21,"17","5","autumn",0.52,0.91,11.31,"10",13.38,1005.58,9.360215124264
2012-10-02,14.34,7.78,"17","2","autumn",0.36,0.8,12.99,"10",8.97,1005.61,9.40385959630727
2012-12-13,-1.1,-3.72,"15","4","autumn",0.6,0.87,6.78,"12",-1.81,1005.66,13.3223444290883
2013-04-07,7.18,-0.38,"18","7","spring",0.36,0.65,10.81,"4",-0.36,1005.84,11.1582951846481
2013-05-16,11.3,6.9,"19","4","spring",0.6,0.76,11.54,"5",5.77,1005.87,8.83843895588071
2013-10-20,17.53,13.26,"16","7","autumn",0.53,0.87,11.25,"10",13.38,1005.88,10.1657353230606
2013-03-10,0.33,-4.03,"17","7","winter",0.81,0.82,12.26,"3",-0.37,1005.94,12.8230727297735
2011-12-05,3.13,-1.69,"15","1","autumn",0.2,0.77,13,"12",0.84,1006.01,10.6097142888889
2013-11-09,7.04,1.24,"16","6","autumn",0.41,0.9,11.43,"11",4.11,1006.05,11.3069205703875
2012-06-20,19.08,11.52,"20","3","spring",0.59,0.84,9.83,"6",12.86,1006.07,8.03548105199131
2012-11-05,7.08,2.62,"16","1","autumn",0.41,0.83,9.08,"11",3.37,1006.26,11.3905215588406
2014-01-09,12.01,1.6,"16","4","winter",0.39,0.77,12.63,"1",4.86,1006.3,11.1195716262102
2013-11-07,14.7,6.25,"16","4","autumn",0.66,0.83,13.9,"11",7.44,1006.38,10.1193467019476
2012-09-26,16.61,10.57,"17","3","autumn",0.48,0.82,11.41,"9",9.5,1006.39,9.34498083536413
2013-01-26,4.69,-2.16,"16","6","winter",0.51,0.86,10.27,"1",2.87,1006.45,12.8488882614923
2012-08-14,22.79,17.38,"19","2","summer",0.26,0.77,11.96,"8",15.23,1006.5,7.88800042108801
2013-02-06,2.56,-1.46,"16","3","winter",0.61,0.75,13.23,"2",0.5,1006.64,12.2536409541758
2013-07-27,23.14,15.34,"19","6","summer",0.44,0.73,11.72,"7",13.99,1006.68,8.07355880734378
2014-02-16,7.88,-1.03,"17","7","winter",0.13,0.76,12.78,"2",1.76,1006.7,11.5821590267637
2014-01-22,10.02,3.08,"16","3","winter",0.69,0.87,10.2,"1",5.54,1006.71,11.1095600868597
2013-03-20,3.49,0.18,"18","3","winter",0.78,0.86,5.73,"3",1.59,1006.74,11.6632140210701
2013-09-29,18.81,13.21,"17","7","autumn",0.37,0.79,12.6,"9",11.64,1006.77,9.4408526540525
2012-04-03,10.18,1.87,"18","2","spring",0.49,0.75,11.47,"4",3.03,1006.81,10.1647025569326
2012-05-03,7.18,5.89,"19","4","spring",0.78,0.86,10.57,"5",5.93,1006.82,10.0189359171752
2013-09-28,17.36,13.44,"17","6","autumn",0.45,0.79,12.25,"9",11.37,1006.89,8.99635102544549
2013-07-26,27.37,14.82,"19","5","summer",0.26,0.68,11.96,"7",13.92,1006.91,7.79169643258448
2013-01-30,12.56,3.86,"16","3","winter",0.44,0.77,11.88,"1",5.96,1006.93,11.0800833773348
2012-10-04,15.65,8.34,"17","4","autumn",0.61,0.86,10.11,"10",10.05,1006.96,9.34351764151313
2014-02-27,10.31,1.41,"17","4","winter",0.32,0.74,12.04,"2",3.08,1007.02,10.3563498993587
2013-06-21,17.54,12.01,"20","5","spring",0.67,0.81,11.33,"6",11.12,1007.11,8.08216469876335
2011-12-01,12.15,5.29,"15","4","autumn",0.57,0.82,12.15,"12",6.87,1007.12,9.22770652717391
2012-08-04,20.69,12.98,"19","6","summer",0.34,0.79,11.99,"8",12.76,1007.24,8.15483637878597
2013-03-11,-4.11,-8.57,"17","1","winter",0.6,0.73,10.83,"3",-4.67,1007.26,13.1067729697477
2012-07-06,18.65,13.42,"20","5","summer",0.54,0.81,11.28,"7",12.54,1007.26,8.19772680121622
2011-12-06,3.77,-1.61,"15","2","autumn",0.34,0.83,13.15,"12",2.15,1007.32,11.6734166666667
2012-05-07,17.24,10.43,"19","1","spring",0.51,0.82,12.09,"5",10.02,1007.34,10.5126464603646
2012-06-02,12.19,10.97,"20","6","spring",0.82,0.95,6.18,"6",10.73,1007.36,8.44687436407378
2013-05-07,16.81,11.33,"19","2","spring",0.52,0.77,9.8,"5",9.65,1007.4,8.30699609093616
2012-12-03,10.22,0.57,"15","1","autumn",0.58,0.87,10.67,"12",4.75,1007.42,12.3932922025692
2013-10-13,11.34,6.28,"17","7","autumn",0.66,0.91,9.69,"10",8.1,1007.43,10.9675072976373
2012-07-05,18.7,14.78,"20","4","summer",0.39,0.82,11.89,"7",13.22,1007.45,8.08792295271389
2013-03-15,4.56,-0.32,"18","5","winter",0.65,0.81,12.36,"3",2.72,1007.6,11.5908591707097
2012-10-18,13.21,11.98,"17","4","autumn",0.66,0.95,8.42,"10",11.64,1007.63,9.61126757649589
2012-12-31,6.97,0.88,"16","1","winter",0.38,0.81,13.15,"12",3.28,1007.65,11.9012354854499
2012-11-21,11.87,3.42,"16","3","autumn",0.45,0.91,10.65,"11",7.8,1007.68,11.3239184742589
2014-01-20,8.44,1.3,"16","1","winter",0.17,0.89,9.64,"1",2.59,1007.71,11.4308828747778
2011-12-11,5.72,0.11,"15","7","autumn",0.56,0.88,12.09,"12",4.49,1007.71,13.7491741373134
2013-01-23,-1.4,-2.47,"16","3","winter",0.75,0.82,7.69,"1",-0.68,1007.72,13.3444426455735
2012-11-17,12.44,7.04,"16","6","autumn",0.65,0.88,9.32,"11",8.66,1007.72,11.4896696799855
2014-02-17,10.67,2.84,"17","1","winter",0.56,0.83,10.32,"2",5.02,1007.8,10.9795659881978
2012-04-13,11.62,3.66,"18","5","spring",0.47,0.72,10.62,"4",3.07,1007.83,10.0172454382691
2013-12-18,10.29,2.42,"15","3","autumn",0.64,0.88,9.7,"12",6.47,1007.83,11.2999232883757
2012-10-03,14.99,5.02,"17","3","autumn",0.28,0.79,12.79,"10",7.55,1008.02,9.39512822123894
2012-12-05,-0.07,-2.82,"15","3","autumn",0.39,0.84,11.14,"12",-0.69,1008.05,12.7365271339182
2013-05-17,14.56,7.62,"19","5","spring",0.59,0.67,11.93,"5",5.68,1008.08,9.22621335199552
2012-06-29,20.13,13.61,"20","5","summer",0.48,0.71,12.92,"6",11.43,1008.1,8.20298928261491
2012-06-14,17.59,12.91,"20","4","spring",0.47,0.78,12.31,"6",11.11,1008.12,8.14549264410322
2013-07-02,19.69,14.31,"20","2","summer",0.83,0.79,11.86,"7",13,1008.35,8.24803391971514
2012-05-08,15.18,10.78,"19","2","spring",0.77,0.92,8.14,"5",11.78,1008.41,9.21898375255889
2011-12-17,1.72,-3.56,"15","6","autumn",0.37,0.86,11.64,"12",0.96,1008.46,13.5119678539286
2012-01-02,4.8,0.87,"16","1","winter",0.21,0.81,13.23,"1",2.8,1008.49,12.7547445243309
2013-09-05,18.32,13.26,"18","4","summer",0.39,0.81,11.17,"9",12.51,1008.5,8.07103010649771
2012-06-09,17.22,8.91,"20","6","spring",0.4,0.78,11.46,"6",9.33,1008.58,8.55402558917605
2013-06-14,16.27,11.01,"20","5","spring",0.42,0.74,12.18,"6",9.15,1008.6,8.20428627614679
2012-06-11,12.87,10.46,"20","1","spring",0.8,0.83,11.81,"6",8.79,1008.62,9.44455727455651
2012-06-15,17.47,12.57,"20","5","spring",0.57,0.72,13.13,"6",9.73,1008.62,7.22760056202661
2014-02-18,10.13,3.83,"17","2","winter",0.57,0.87,11.49,"2",6.23,1008.67,10.7818979815532
2013-05-08,14.28,5,"19","3","spring",0.47,0.71,11.97,"5",5.48,1008.69,8.50373096231614
2012-10-29,12.4,5.47,"16","1","autumn",0.45,0.89,12.49,"10",7.73,1008.71,11.005619020471
2012-11-20,13.46,10.88,"16","2","autumn",0.76,0.9,10.81,"11",10.63,1008.74,11.1047924795011
2013-08-01,24.68,17.44,"19","4","summer",0.42,0.71,12.67,"8",15.13,1008.75,7.91322415390285
2011-12-07,5.14,0.94,"15","3","autumn",0.29,0.68,13.12,"12",1.79,1008.76,10.8893618453947
2013-03-12,-0.56,-8.88,"18","2","winter",0.54,0.63,12.34,"3",-5.54,1008.83,12.8522952649291
2013-10-02,18.68,14.03,"17","3","autumn",0.43,0.93,7.03,"10",14.91,1008.9,8.92958875396277
2013-11-01,13.97,11.48,"16","5","autumn",0.55,0.89,11.57,"11",10.82,1008.97,9.82178135166635
2013-01-15,0.89,-3.16,"16","2","winter",0.58,0.85,11.41,"1",-0.89,1008.99,12.9437203566007
2013-10-03,20.84,15.23,"17","4","autumn",0.62,0.87,11.68,"10",15.39,1009.01,8.8808794390862
2013-09-30,17.28,11.76,"17","1","autumn",0.54,0.82,9.11,"9",11.33,1009.02,8.84567420331545
2012-08-05,20.95,14.77,"19","7","summer",0.41,0.77,12.78,"8",12.89,1009.08,8.66672773168067
2014-02-22,11.63,1.59,"17","6","winter",0.25,0.71,13.07,"2",2.64,1009.09,10.7762421096284
2012-05-20,16.22,7.07,"19","7","spring",0.75,0.82,10.69,"5",9.33,1009.14,9.7905447522859
2012-01-26,6.9,-0.23,"16","4","winter",0.51,0.8,12.71,"1",4.04,1009.15,12.3720544061914
2013-05-26,17.28,4.68,"20","7","spring",0.29,0.58,13.63,"5",4.06,1009.15,8.58491657200448
2012-05-09,17.12,14.44,"19","3","spring",0.79,0.9,10.9,"5",13.92,1009.21,9.48135499318542
2013-06-22,16.51,12.62,"20","6","spring",0.7,0.76,12.38,"6",10.42,1009.25,8.4132098159985
2012-05-18,16.42,10.59,"19","5","spring",0.65,0.78,10.12,"5",9.48,1009.32,8.92611295001623
2012-07-04,22.33,15.2,"20","3","summer",0.48,0.71,12.73,"7",12.99,1009.33,8.22653003493522
2013-05-23,6.24,1.79,"19","4","spring",0.65,0.84,11.89,"5",4.4,1009.4,8.90278416695295
2012-06-08,17.92,11.02,"20","5","spring",0.38,0.61,13.12,"6",6.44,1009.44,8.8071708318217
2013-08-17,22.42,15.92,"19","6","summer",0.57,0.73,12.76,"8",13.61,1009.48,8.00789620481974
2012-05-04,7.42,2.99,"19","5","spring",0.63,0.73,13.15,"5",2.9,1009.49,9.99838708130881
2013-07-31,32.42,17.18,"19","3","summer",0.2,0.65,14.08,"7",16.92,1009.49,7.95977635117114
2012-12-21,7.58,4.44,"15","5","autumn",0.44,0.91,12.15,"12",6.22,1009.54,11.7767963030265
2012-07-31,22.57,13.69,"19","2","summer",0.41,0.79,11.3,"7",13.95,1009.58,8.20502271745898
2012-09-22,12.31,7.69,"17","6","summer",0.48,0.86,10.62,"9",8.42,1009.6,8.99276145630115
2012-07-03,21.44,16.12,"20","2","summer",0.66,0.85,11.02,"7",15.78,1009.62,8.32674159614846
2011-11-29,13.47,3.39,"15","2","autumn",0.6,0.82,12.57,"11",8.61,1009.7,9.27487302380952
2013-12-22,10.07,1.58,"15","7","autumn",0.25,0.73,12.68,"12",3.57,1009.77,11.942015860701
2013-03-22,0.07,-2.8,"18","5","spring",0.69,0.79,6.1,"3",0.38,1009.8,12.0711726924908
2012-04-26,14.84,6.84,"19","4","spring",0.49,0.77,12.92,"4",7.23,1009.84,9.91272838890026
2013-03-23,-2.27,-4.48,"18","6","spring",0.85,0.92,3.73,"3",0.43,1009.85,13.4292708131623
2013-09-27,18.36,12.43,"17","5","autumn",0.17,0.81,9.78,"9",11.73,1009.88,8.52626457043712
2012-12-30,10.9,1.25,"16","7","winter",0.37,0.77,13.2,"12",3.9,1009.95,11.9009804086704
2011-12-31,12.57,10.66,"16","6","winter",0.76,0.89,13.33,"12",9.87,1010.02,12.4360218951338
2012-08-03,21.04,14.36,"19","5","summer",0.41,0.77,12.89,"8",13.09,1010.03,7.99590422186515
2012-11-09,11.27,6.7,"16","5","autumn",0.7,0.8,13.37,"11",6.21,1010.05,10.933946624896
2013-06-20,20.38,14.11,"20","4","spring",0.55,0.81,10.03,"6",13.56,1010.05,8.1996571750281
2012-10-01,16.44,10.87,"17","1","autumn",0.39,0.85,12.55,"10",10.9,1010.12,9.59029503021869
2014-01-21,6.26,1.97,"16","2","winter",0.37,0.89,6.36,"1",2.76,1010.13,11.3706013415024
2013-05-09,17.17,10.2,"19","4","spring",0.63,0.72,12.39,"5",7.43,1010.14,8.7022052143203
2012-09-09,20.21,16.93,"18","7","summer",0.59,0.78,12.65,"9",14.19,1010.15,8.59237510510076
2012-11-24,7.11,2.99,"16","6","autumn",0.58,0.97,5.7,"11",6.52,1010.19,12.0949148140351
2013-09-14,15.36,5.13,"18","6","summer",0.41,0.86,9.93,"9",9.32,1010.26,9.29198262381134
2012-08-01,21.29,15.61,"19","3","summer",0.45,0.74,12.63,"8",13.13,1010.31,8.06490363972228
2013-09-18,15.86,6.46,"18","3","summer",0.49,0.84,11.99,"9",9.46,1010.33,8.87898643248615
2013-05-29,14.69,10.79,"20","3","spring",0.94,0.86,8.71,"5",10.28,1010.33,9.11234303781262
2014-02-23,11.94,5.53,"17","7","winter",0.66,0.76,12.33,"2",6.17,1010.37,11.4804107632653
2013-10-14,12.58,6.51,"17","1","autumn",0.45,0.88,9.27,"10",8.44,1010.38,10.0308578288761
2012-06-21,17.53,11.44,"20","4","spring",0.54,0.78,12.92,"6",10.62,1010.38,8.40507731252409
2012-07-18,20.18,13.77,"20","3","summer",0.48,0.73,12.96,"7",11.56,1010.4,8.26354165777262
2013-10-15,14.87,6.42,"17","2","autumn",0.44,0.91,7.15,"10",8.97,1010.46,9.64234974045376
2012-07-27,21.09,14.93,"19","5","summer",0.44,0.55,13.26,"7",8.16,1010.56,8.22438289806234
2013-10-29,12.38,4.43,"16","2","autumn",0.25,0.77,13.66,"10",5.21,1010.58,9.91441066565268
2013-10-01,19.1,13.62,"17","2","autumn",0.59,0.87,7.87,"10",13.64,1010.58,8.91894433675624
2013-03-13,3.01,-2.39,"18","3","winter",0.37,0.73,13.04,"3",-1.54,1010.59,12.119938075341
2011-12-09,3.99,-1.42,"15","5","autumn",0.15,0.71,12.83,"12",0.41,1010.6,11.7598369548913
2012-05-19,12.18,6.81,"19","6","spring",0.87,0.82,12.73,"5",7.63,1010.67,9.00107697252818
2012-07-09,17.46,13.28,"20","1","summer",0.55,0.84,12.18,"7",12.53,1010.77,8.49631924163364
2013-08-23,19.59,14.94,"19","5","summer",0.56,0.9,5.58,"8",15.99,1010.79,7.82022996293547
2013-10-12,11.47,6.46,"17","6","autumn",0.58,0.92,9.38,"10",8.92,1010.8,9.59702380887097
2011-12-08,12.89,0.63,"15","4","autumn",0.53,0.81,12.59,"12",5.96,1010.84,11.5251496988024
2012-07-10,18.75,12.07,"20","2","summer",0.48,0.79,13,"7",10.82,1010.87,8.3346625269281
2013-03-29,1.71,-2.99,"18","5","spring",0.59,0.63,13.45,"3",-4.23,1010.88,12.2315757362123
2013-12-30,10.22,4.21,"16","1","winter",0.55,0.83,11.35,"12",5.98,1010.88,11.8136104249265
2013-11-18,8.54,5.02,"16","1","autumn",0.98,0.92,5.39,"11",7.23,1010.92,11.044271902528
2013-05-10,13.18,4.29,"19","5","spring",0.56,0.78,12.2,"5",5.99,1010.93,8.60023035333333
2012-07-08,18,14.38,"20","7","summer",0.61,0.85,11.28,"7",13.52,1010.95,9.07939085828317
2013-06-12,17.59,12.96,"20","3","spring",0.78,0.75,11.94,"6",10.14,1011.04,8.66690183529412
2012-08-13,23.97,17.81,"19","1","summer",0.44,0.75,11.8,"8",15.33,1011.08,8.08390716229784
2013-04-12,11.42,3.3,"18","5","spring",0.57,0.87,11.06,"4",7.01,1011.09,10.3722930491566
2013-05-18,17.85,8.56,"19","6","spring",0.32,0.7,11.1,"5",7.71,1011.12,9.15104978517621
2012-08-12,22.68,15.26,"19","7","summer",0.42,0.79,12.04,"8",14.78,1011.16,8.40144180659664
2012-04-01,15.04,3.98,"18","7","spring",0.24,0.63,12.46,"4",2.18,1011.19,10.7465230768421
2012-11-19,11.23,1.42,"16","1","autumn",0.5,0.82,12.38,"11",5.32,1011.21,11.40628127171
2013-09-04,28.59,15.54,"18","3","summer",0.12,0.71,9.08,"9",15.23,1011.32,8.0301706984759
2013-07-28,22.36,16.48,"19","7","summer",0.55,0.75,12.3,"7",14.19,1011.33,8.19185876185801
2012-11-22,13.09,4.09,"16","4","autumn",0.54,0.81,12.73,"11",7.94,1011.36,10.9990513574864
2013-05-19,16.87,11.38,"19","7","spring",0.81,0.84,7.31,"5",11.42,1011.37,9.23372603556509
2013-03-30,1.53,-2.65,"18","6","spring",0.66,0.69,13.1,"3",-2.47,1011.38,11.7919036962847
2013-06-11,17.01,14.16,"20","2","spring",0.93,0.86,10.86,"6",13.22,1011.39,8.45881957720382
2013-02-14,10.59,-0.11,"17","4","winter",0.55,0.81,10.56,"2",4.54,1011.45,11.9807755056945
2013-01-14,0.94,-3.4,"16","1","winter",0.59,0.88,9.66,"1",-0.61,1011.47,13.1828340586238
2013-03-31,1.29,-3.14,"18","7","spring",0.57,0.64,12.68,"3",-3.45,1011.52,11.9327208888355
2014-02-19,10.13,2.65,"17","3","winter",0.64,0.87,9.95,"2",5.62,1011.57,10.6746236023562
2012-11-11,8.39,0.46,"16","7","autumn",0.22,0.88,10.32,"11",3.49,1011.6,12.0249497089544
2013-03-27,-0.19,-4.06,"18","3","spring",0.48,0.64,12.86,"3",-4.47,1011.63,12.4960441531868
2013-07-01,17.5,11.84,"20","1","summer",0.6,0.72,13.13,"7",9.93,1011.64,8.11550984061856
2013-05-12,14.06,4.53,"19","7","spring",0.61,0.68,11.93,"5",5.51,1011.68,9.80834829610728
2012-11-23,10.7,3.97,"16","5","autumn",0.38,0.89,11.46,"11",6.02,1011.69,11.0147053721469
2012-07-28,17.92,10.97,"19","6","summer",0.3,0.75,12.97,"7",9.81,1011.76,8.0945854212766
2012-09-08,27.78,11.32,"18","6","summer",0.22,0.67,12.2,"9",10.83,1011.85,8.23576343329135
2013-09-24,20.87,13.67,"17","2","autumn",0.36,0.86,3.75,"9",14.34,1011.86,8.51779425342912
2012-11-30,2.52,-2.57,"15","5","autumn",0.25,0.88,10.01,"11",-0.24,1011.91,12.3005726941049
2014-01-08,11.62,4.53,"16","3","winter",0.5,0.85,11.99,"1",7.02,1011.94,11.0061509800784
2012-05-02,7.73,5.92,"19","3","spring",0.82,0.9,9.04,"5",7.14,1012.04,9.28573214308036
2013-06-19,20.2,16.22,"20","3","spring",0.47,0.81,6.71,"6",14.68,1012.05,8.03208653348942
2012-07-11,18.67,10.04,"20","3","summer",0.5,0.8,12.34,"7",10.29,1012.07,8.21289626881605
2012-04-29,17.15,6.21,"19","7","spring",0.32,0.68,13.13,"4",7.05,1012.09,11.5585434884521
2012-09-30,16.24,12.37,"17","7","autumn",0.61,0.89,11.43,"9",12.43,1012.11,10.1497844155844
2011-12-02,5.33,0.46,"15","5","autumn",0.32,0.87,11.89,"12",3.69,1012.12,10.145910005
2013-02-04,10.2,2.41,"16","1","winter",0.5,0.71,13,"2",3.74,1012.2,11.6230153159526
2013-03-28,0.31,-3.85,"18","4","spring",0.5,0.66,11.64,"3",-3.94,1012.3,12.0509543181247
2012-06-23,19.88,11.65,"20","6","summer",0.54,0.77,12.12,"6",11.14,1012.31,8.60954384238141
2012-04-06,10.48,6.42,"18","5","spring",0.72,0.75,11.64,"4",4.36,1012.32,10.5564769046945
2012-09-10,17.82,11.73,"18","1","summer",0.37,0.62,13.18,"9",8.07,1012.33,8.51159005035684
2012-08-11,25.13,16.03,"19","6","summer",0.24,0.7,11.18,"8",14.21,1012.34,8.02954915983193
2012-04-07,13.08,4.57,"18","6","spring",0.72,0.81,10.83,"4",6.43,1012.36,10.3130231164802
2012-09-16,18.72,13.29,"18","7","summer",0.55,0.71,13.07,"9",10.06,1012.36,9.01801874275302
2013-08-04,22.72,16.37,"19","7","summer",0.54,0.76,12.59,"8",14.37,1012.36,8.07318350382142
2014-01-23,4.93,0.25,"16","4","winter",0.32,0.82,11.49,"1",2.54,1012.39,11.3004138756208
2013-01-31,6.38,3.29,"16","4","winter",0.35,0.74,12.89,"1",4.39,1012.39,11.2815322518586
2013-07-25,26.19,15.26,"19","4","summer",0.37,0.62,13.2,"7",12.7,1012.42,7.9739420857574
2014-01-25,11.77,1.76,"16","6","winter",0.44,0.83,8.71,"1",5.34,1012.46,11.6207782169692
2012-08-02,21.77,13.09,"19","4","summer",0.33,0.73,12.63,"8",12.09,1012.49,7.96554281449611
2012-01-21,12.35,4.21,"16","6","winter",0.59,0.75,13.36,"1",5.84,1012.5,12.735594320284
2012-10-05,14.89,5.86,"17","5","autumn",0.4,0.83,11.06,"10",7.3,1012.51,9.56259996175493
2012-11-29,3.18,-1.39,"15","4","autumn",0.36,0.83,12.92,"11",0.73,1012.58,12.0609808359609
2012-02-18,10.76,-1.07,"17","6","winter",0.53,0.79,12.92,"2",4.27,1012.6,12.9546422796748
2013-12-21,11.95,5.58,"15","6","autumn",0.86,0.86,9.66,"12",8.34,1012.62,12.1239978481409
2013-08-16,20.22,14.12,"19","5","summer",0.57,0.82,11.1,"8",13.68,1012.65,7.85564854084881
2012-07-26,23.79,16.01,"19","4","summer",0.36,0.75,9.75,"7",15.07,1012.66,7.91468598590095
2014-02-26,11.29,1.67,"17","3","winter",0.26,0.73,13,"2",2.74,1012.73,10.2029453223713
2012-08-28,19.69,13.66,"18","2","summer",0.36,0.85,11.84,"8",12.95,1012.74,8.04810268763125
2012-08-27,22.5,14.97,"18","1","summer",0.39,0.75,12.63,"8",13.49,1012.79,8.3152787226423
2012-10-25,10.11,-0.37,"16","4","autumn",0.7,0.79,12.33,"10",4.64,1012.84,10.0616857553529
2013-03-24,-2.86,-6.34,"18","7","spring",0.83,0.78,9.37,"3",-2.86,1012.85,14.1915913964734
2012-11-28,3.34,-0.33,"15","3","autumn",0.65,0.83,13.2,"11",3.31,1012.91,11.9646678712349
2012-09-27,17.07,7.44,"17","4","autumn",0.39,0.85,12.84,"9",9.78,1012.91,9.25459839417671
2013-07-24,25.13,16.86,"20","3","summer",0.45,0.74,12.1,"7",15.38,1012.93,7.87971320716981
2012-03-17,10.75,5.11,"18","6","winter",0.52,0.87,9.3,"3",6.99,1012.96,11.8322221155769
2013-08-24,22.74,13.18,"19","6","summer",0.5,0.83,10.07,"8",14.34,1012.96,8.26301637672824
2013-01-12,0.07,-1.06,"16","6","winter",0.57,0.83,10.03,"1",0.79,1012.97,13.0604536041583
2013-04-17,14.11,5.27,"19","3","spring",0.35,0.64,12.81,"4",4.05,1013.1,9.17927174876646
2013-04-13,19.88,11.49,"18","6","spring",0.45,0.7,12.36,"4",9.24,1013.12,10.531617352132
2012-09-15,18.31,12.98,"18","6","summer",0.66,0.76,12.55,"9",11.04,1013.26,8.40120266625703
2013-10-16,17.29,11.82,"17","3","autumn",0.26,0.84,12.36,"10",11.19,1013.27,9.9731177152337
2013-01-16,-0.15,-4.7,"16","3","winter",0.48,0.91,4.12,"1",-2.6,1013.33,13.1475355111535
2013-07-22,28,19.64,"20","1","summer",0.37,0.74,12.1,"7",17.61,1013.38,8.17883886064832
2013-03-26,-2.29,-4.31,"18","2","spring",0.69,0.65,12.81,"3",-4.69,1013.39,12.9165594512001
2012-09-17,17.19,10.97,"18","1","summer",0.28,0.64,13.02,"9",6.77,1013.39,8.56541200855072
2013-10-23,16.91,6.83,"16","3","autumn",0.36,0.86,12.05,"10",9.37,1013.45,9.17752810922218
2012-09-13,20.69,13.61,"18","4","summer",0.56,0.68,13.31,"9",10.23,1013.51,8.23255736681296
2012-07-17,18.52,14.91,"20","2","summer",0.72,0.85,12.47,"7",14.28,1013.52,8.14688248964135
2013-05-22,10.26,3.51,"19","3","spring",0.49,0.65,12.54,"5",1.88,1013.55,8.82453115537314
2012-12-06,0.37,-5.79,"15","4","autumn",0.43,0.84,12.55,"12",-1.32,1013.58,13.0057500015738
2013-07-29,21.02,15.7,"19","1","summer",0.49,0.86,11.12,"7",15.21,1013.58,7.9075539192068
2013-06-15,17.34,11.46,"20","6","spring",0.42,0.71,12.62,"6",8.74,1013.64,8.65216560547021
2012-06-03,13.89,4.48,"20","7","spring",0.56,0.79,10.86,"6",6.87,1013.69,9.30320213946524
2013-03-04,6.17,-1.41,"17","1","winter",0.27,0.78,7.02,"3",0.86,1013.74,11.4818590866446
2012-08-17,30.6,20.54,"19","5","summer",0.23,0.59,12.87,"8",15.92,1013.75,7.77314537844538
2013-11-19,4.33,-2.23,"16","2","autumn",0.19,0.74,13.5,"11",-0.34,1013.76,11.095023002977
2012-07-02,18.81,15.52,"20","1","summer",0.78,0.9,11.54,"7",15.16,1013.77,8.57434107323481
2013-06-10,16.96,6.87,"20","1","spring",0.61,0.83,10.46,"6",10.87,1013.81,8.57619299859603
2013-09-06,17.7,11.39,"18","5","summer",0.26,0.75,12.6,"9",9.56,1013.82,8.30136296006103
2012-08-16,27.23,17.92,"19","4","summer",0.45,0.63,13.08,"8",14.11,1013.84,7.9581808817437
2012-05-05,7.04,3.19,"19","6","spring",0.73,0.75,13.1,"5",2.79,1013.88,10.2315460349173
2014-01-24,5.72,0.19,"16","5","winter",0.54,0.83,11.99,"1",2.88,1013.91,11.4098802288674
2013-06-16,20.4,12.87,"20","7","spring",0.5,0.66,15.08,"6",9.59,1014.05,8.82588218790036
2012-01-04,4.77,0.79,"16","3","winter",0.49,0.78,12.62,"1",3.38,1014.07,12.7411404771429
2012-08-15,21.67,16.02,"19","3","summer",0.42,0.71,12.84,"8",13.28,1014.08,8.09452720029406
2012-06-30,17.88,11.01,"20","6","summer",0.31,0.7,13.2,"6",9.31,1014.12,8.17816464775481
2013-10-17,17.16,10.5,"17","4","autumn",0.49,0.91,8.75,"10",12.04,1014.16,9.47103368658325
2013-04-03,-1.57,-3.52,"18","3","spring",0.55,0.74,10.8,"4",-2.06,1014.22,11.9232258596374
2012-05-21,24.46,11.44,"19","1","spring",0.47,0.75,8.93,"5",12.84,1014.23,8.81353391784933
2013-07-23,26.24,15.59,"20","2","summer",0.34,0.67,12.89,"7",14.13,1014.24,8.22195739049774
2014-01-10,10.14,0.34,"16","5","winter",0.4,0.85,13,"1",4.11,1014.26,11.2469911448249
2013-06-17,20.37,13.33,"20","1","spring",0.4,0.78,10.81,"6",13.19,1014.27,8.22452285453353
2013-03-25,-2.89,-4.96,"18","1","spring",0.68,0.65,12.76,"3",-4.59,1014.28,13.1182948122023
2012-01-22,11.8,2.14,"16","7","winter",0.37,0.68,13.15,"1",2.65,1014.29,13.7207991855984
2012-05-06,14.48,4.48,"19","7","spring",0.52,0.82,11.64,"5",6.55,1014.29,10.6318134
2013-08-06,21.49,14.97,"19","2","summer",0.37,0.64,13.49,"8",10.71,1014.33,7.71401116355724
2012-08-26,20.99,12.62,"18","7","summer",0.32,0.75,12.46,"8",12.62,1014.33,8.10064944440244
2012-08-25,21.01,14.26,"19","6","summer",0.51,0.69,13.2,"8",10.74,1014.38,8.12416799636707
2011-12-19,4.02,-3.67,"15","1","autumn",0.47,0.94,10.43,"12",2.45,1014.39,13.7744709716129
2012-12-18,7.12,2.47,"15","2","autumn",0.62,0.86,11.65,"12",4.36,1014.41,11.9581924326032
2013-04-16,17.95,8.26,"19","2","spring",0.54,0.77,10.8,"4",9.18,1014.48,9.22987664514932
2013-01-25,0.81,-4.07,"16","5","winter",0.74,0.8,10.8,"1",-2.16,1014.52,13.4207022727389
2013-03-31,1.64,-2.33,"18","7","spring",0.4,0.68,12.67,"3",-3.57,1014.56,11.9327208888355
2012-12-01,2.61,-4.31,"15","6","autumn",0.31,0.88,8.92,"12",-0.17,1014.56,13.1217524407414
2013-05-11,14.81,2.44,"19","6","spring",0.44,0.76,12.05,"5",5.66,1014.56,9.27623966536313
2012-08-22,22.04,12.96,"19","3","summer",0.37,0.7,12.83,"8",11.29,1014.56,7.8457140456435
2012-07-30,20.19,11.52,"19","1","summer",0.53,0.84,11.57,"7",13.16,1014.62,8.08181234275484
2013-04-01,3.74,-4.26,"18","1","spring",0.2,0.57,13.02,"4",-4.69,1014.63,11.9824229419611
2012-09-11,17.92,6.77,"18","2","summer",0.34,0.72,13.16,"9",7.95,1014.64,8.2373150043022
2012-06-04,15,7.54,"20","1","spring",0.51,0.82,11.3,"6",8.14,1014.65,8.83711173493718
2013-06-18,25.56,15.83,"20","2","spring",0.31,0.76,9.82,"6",15.19,1014.65,8.20618845934807
2012-11-18,9.42,2.07,"16","7","autumn",0.3,0.82,12.57,"11",2.5,1014.66,12.0827298857892
2012-11-16,7.75,4.89,"16","5","autumn",0.9,0.92,3.48,"11",6.3,1014.76,11.2775345388065
2012-04-27,10.03,2.18,"19","5","spring",0.74,0.92,9.06,"4",7.3,1014.81,9.65954658007929
2013-08-22,26.03,16.49,"19","4","summer",0.11,0.75,9.96,"8",15.58,1014.88,8.04384343562607
2013-12-29,4.44,-2.77,"15","7","winter",0.12,0.84,14.08,"12",1.34,1014.89,11.9735927875759
2012-06-01,17.54,11.83,"20","5","spring",0.71,0.81,9.29,"6",10.58,1014.89,8.14602340616088
2013-08-02,23.17,15.36,"19","5","summer",0.34,0.71,12.71,"8",13.17,1014.89,7.98315031223294
2013-08-15,21.73,16.98,"19","4","summer",0.51,0.84,11.81,"8",15.74,1015.02,7.80067436961546
2011-12-20,4.98,1.68,"15","2","autumn",0.48,0.81,12.89,"12",3.64,1015.09,12.7091063762918
2013-04-26,10.36,1.82,"19","5","spring",0.39,0.71,13.16,"4",1.85,1015.1,8.77842514832838
2013-02-12,-0.19,-2.29,"17","2","winter",0.86,0.76,7.32,"2",-2.12,1015.13,12.9407751655361
2012-07-14,18.26,12.44,"20","6","summer",0.39,0.69,11.97,"7",9.03,1015.16,8.59546066300359
2012-08-18,29.5,18.33,"19","6","summer",0.21,0.72,12.28,"8",17.77,1015.16,8.01485017856693
2013-04-04,3.68,-2.8,"18","4","spring",0.63,0.61,13.08,"4",-3.08,1015.19,12.2019722473821
2012-07-29,19.69,8.53,"19","7","summer",0.31,0.65,12.92,"7",7.83,1015.19,8.56678601442713
2013-04-25,13.28,5.04,"19","4","spring",0.51,0.65,12.12,"4",3.07,1015.24,8.28206681505197
2012-10-09,14.13,6.21,"17","2","autumn",0.56,0.74,13.21,"10",6.21,1015.24,9.64186838981088
2012-01-25,8.59,5.72,"16","3","winter",0.81,0.9,10.38,"1",7.59,1015.27,12.5534952612903
2012-10-07,12.22,8.84,"17","7","autumn",0.61,0.92,7.84,"10",10.23,1015.27,10.21282835372
2013-07-30,23.77,16.49,"19","2","summer",0.55,0.8,11.97,"7",15.78,1015.34,7.99981715081224
2012-10-28,6.89,-0.94,"16","7","autumn",0.419161290322581,0.882916666666667,12.6529166666667,"10",4.04958333333333,1015.40375,12.0645978260145
2013-10-27,6.89,-0.94,"16","7","autumn",0.419161290322581,0.882916666666667,12.6529166666667,"10",4.04958333333333,1015.40375,10.1673871770312
2012-05-14,11.27,2.59,"19","1","spring",0.41,0.81,12.79,"5",4.71,1015.41,9.18881962460318
2012-09-20,16.32,10.34,"18","4","summer",0.43,0.76,12.54,"9",8.68,1015.46,8.63660123165128
2013-02-02,1.9,-1.71,"16","6","winter",0.43,0.71,13.42,"2",-0.82,1015.47,12.359468647922
2012-07-01,17.58,12.47,"20","7","summer",0.56,0.83,11.97,"7",12.17,1015.49,8.68717965860266
2013-04-15,16.55,7.26,"18","1","spring",0.4,0.7,12.52,"4",6.83,1015.5,9.3196743918969
2013-09-13,13.85,7.1,"18","5","summer",0.69,0.89,9.64,"9",9.98,1015.54,8.82940404737445
2013-05-20,16.22,12.01,"19","1","spring",0.79,0.78,10.78,"5",9.39,1015.56,9.01906286123858
2013-03-14,5.17,-3.72,"18","4","winter",0.27,0.67,10.54,"3",-3.24,1015.57,11.7860816737648
2011-12-10,3.14,-3.42,"15","6","autumn",0.17,0.81,12.83,"12",-0.34,1015.58,12.6338009925373
2012-10-27,6.89,-0.94,"16","6","autumn",0.42,0.88,12.68,"10",3.96,1015.62,11.2994297103261
2013-08-05,22.11,12.23,"19","1","summer",0.41,0.68,13.53,"8",10.77,1015.69,8.00088371985252
2013-06-09,14.56,10.61,"20","7","spring",0.95,0.68,12.55,"6",6.35,1015.7,9.14705667833895
2013-11-10,7.3,0.71,"16","7","autumn",0.18,0.79,12.68,"11",2.49,1015.79,11.5539007331534
2013-01-10,2.36,-0.48,"16","4","winter",0.7,0.94,5.21,"1",1.46,1015.8,12.0667892249773
2012-04-30,17.24,11.28,"19","1","spring",0.61,0.84,9.29,"4",10.76,1015.82,9.33754997640929
2012-10-19,14.01,8.9,"16","5","autumn",0.61,0.91,8.01,"10",10.16,1015.85,10.1550247312942
2012-10-26,3.78,-2.56,"16","5","autumn",0.39,0.79,13.07,"10",1.48,1015.91,10.6630710140942
2013-03-21,2.57,-1.24,"18","4","winter",0.61,0.75,10.8,"3",-0.18,1015.96,11.5047561338867
2012-10-08,14.23,7.73,"17","1","autumn",0.58,0.82,10.12,"10",8.4,1015.96,10.1282461222653
2012-04-05,12.28,-1.43,"18","4","spring",0.35,0.65,13.05,"4",0.39,1016.01,10.6452334067114
2013-07-21,32.16,17.29,"20","7","summer",0.28,0.63,11.3,"7",15.81,1016.02,8.19377346364493
2013-04-21,14.32,5.12,"19","7","spring",0.66,0.74,12.04,"4",5.68,1016.11,9.99667631842984
2013-06-13,18.81,7.72,"20","4","spring",0.45,0.69,13.05,"6",8.18,1016.14,8.54384331740921
2012-08-29,16.92,11.25,"18","3","summer",0.4,0.8,12.33,"8",11.14,1016.19,8.29493091182276
2012-07-19,17.77,13.12,"20","4","summer",0.54,0.79,12.18,"7",11.44,1016.21,8.12779020622626
2012-06-13,18.08,7.79,"20","3","spring",0.35,0.71,12.6,"6",8.21,1016.24,6.98976638256628
2012-06-16,19.44,12.46,"20","6","spring",0.48,0.67,13.33,"6",9.47,1016.26,7.797470794808
2013-09-26,16.99,10.58,"17","4","autumn",0.36,0.8,13.39,"9",10.18,1016.27,8.49393429055556
2012-12-02,2.71,-4.97,"15","7","autumn",0.31,0.84,12.81,"12",-1.13,1016.35,13.7155289448082
2012-06-12,17.51,7.54,"20","2","spring",0.32,0.67,12.6,"6",6.68,1016.35,9.1583743100853
2013-04-28,13.41,4.92,"19","7","spring",0.45,0.59,13.18,"4",2.25,1016.36,10.0098241978257
2011-12-18,1.98,-4.12,"15","7","autumn",0.22,0.84,13.04,"12",-0.31,1016.37,14.7322714275
2013-01-24,2.08,-2.49,"16","4","winter",0.8,0.79,10.32,"1",-1.81,1016.41,13.3672035666727
2013-09-25,18.88,13.12,"17","3","autumn",0.51,0.79,10.07,"9",11.82,1016.43,8.55819578480843
2013-05-06,19.82,8.63,"19","1","spring",0.16,0.6,14.19,"5",6.68,1016.51,8.64548966617017
2012-10-24,13.61,10.09,"16","3","autumn",0.81,0.91,7.9,"10",10.89,1016.51,9.78420370344701
2012-03-04,7.01,-0.88,"17","7","winter",0.65,0.9,10.36,"3",4.87,1016.56,13.4635063580347
2013-10-31,13.11,11.61,"16","4","autumn",0.74,0.89,11.36,"10",10.68,1016.56,9.97030379497207
2012-07-24,29.37,15.74,"20","2","summer",0.2,0.57,12.31,"7",12.96,1016.59,7.91489272931507
2014-01-12,6.06,-1.79,"16","7","winter",0.46,0.9,8.27,"1",2.78,1016.63,12.752337201987
2013-09-23,21.47,11.53,"17","1","summer",0.17,0.89,4.39,"9",13.61,1016.64,8.81850565127419
2013-12-16,12.89,6.56,"15","1","autumn",0.88,0.89,10.36,"12",9.68,1016.66,11.1700610692895
2012-12-19,4.49,0.96,"15","3","autumn",0.52,0.92,7.87,"12",4.27,1016.68,12.4012659286387
2013-06-08,14.17,10.29,"20","6","spring",0.89,0.72,12.38,"6",7.13,1016.69,8.26964678339566
2012-06-19,21.16,11.47,"20","2","spring",0.32,0.64,12.33,"6",9.49,1016.69,8.12038286493224
2012-12-28,12.34,3.99,"15","5","winter",0.7,0.89,11.46,"12",7.73,1016.76,11.768871214366
2012-05-13,11.41,4.06,"19","7","spring",0.43,0.8,12.89,"5",6.17,1016.78,9.49702122938547
2011-12-30,10.27,1.71,"16","5","winter",0.56,0.84,11.06,"12",4.12,1016.85,12.4042092489051
2013-04-14,15.43,10.08,"18","7","spring",0.42,0.72,12.96,"4",7.8,1016.86,10.0442564420545
2013-01-01,4.38,0.23,"16","2","winter",0.43,0.82,13.15,"1",2.4,1016.89,11.8391743154907
2013-08-11,20.39,13.57,"19","7","summer",0.41,0.61,14.11,"8",8.99,1016.89,8.01772023505584
2012-06-17,18.87,11.17,"20","7","spring",0.43,0.73,12.49,"6",9.48,1016.94,8.90575000117532
2013-04-27,11.59,1.61,"19","6","spring",0.27,0.64,12.49,"4",0.63,1017,9.52584724036424
2013-06-30,19.78,13.89,"20","7","summer",0.44,0.63,12.73,"6",9.34,1017.04,8.46244179996251
2013-09-12,18.3,14.82,"18","4","summer",1,0.95,5.91,"9",15.51,1017.09,8.56575233891541
2012-09-14,21.12,8.97,"18","5","summer",0.22,0.7,12.92,"9",9.53,1017.25,8.29216829797959
2012-08-21,21.48,13.16,"19","2","summer",0.34,0.72,12.87,"8",11.88,1017.28,7.94275446311699
2012-05-28,22.37,14.25,"20","1","spring",0.33,0.73,11.57,"5",12.93,1017.29,8.10115292853894
2013-05-03,16.31,5.78,"19","5","spring",0.34,0.64,13.24,"5",5.3,1017.3,8.3922208376186
2012-03-18,8.03,1.58,"18","7","winter",0.38,0.82,11.57,"3",3.89,1017.33,12.1554413464423
2013-04-02,-0.57,-3.72,"18","2","spring",0.45,0.64,13.1,"4",-3.7,1017.4,11.2662517108933
2013-01-17,2.88,-3.86,"16","4","winter",0.31,0.83,9.64,"1",-2.88,1017.44,13.2786870223373
2012-06-24,21.15,12.11,"20","7","summer",0.36,0.7,13.18,"6",11.02,1017.44,8.99321729674173
2012-05-16,14.06,6.22,"19","3","spring",0.42,0.66,12.76,"5",4.54,1017.46,8.09679030543142
2012-03-07,10.75,1.87,"17","3","winter",0.46,0.78,11.8,"3",3.86,1017.5,12.757729392539
2012-06-26,22.78,17.74,"20","2","summer",0.57,0.82,12.44,"6",16.17,1017.53,8.2293715651374
2013-10-10,13.16,5.62,"17","4","autumn",0.77,0.86,10.25,"10",8.97,1017.55,9.29505780576148
2013-01-11,5.7,-1.42,"16","5","winter",0.52,0.93,5.7,"1",1.68,1017.62,12.1099493560174
2013-11-22,4.74,0,"16","5","autumn",0.27,0.76,12.36,"11",1.52,1017.66,11.5099810085465
2011-12-23,11.44,0.99,"15","5","winter",0.74,0.85,12.36,"12",7.08,1017.67,12.2549894214286
2012-08-20,22.09,16.36,"19","1","summer",0.34,0.75,12.52,"8",13.99,1017.69,8.14300483455233
2013-09-19,18.41,8.16,"18","4","summer",0.51,0.75,12.5,"9",9.13,1017.72,9.1169680372823
2012-05-27,25.58,13.89,"20","7","spring",0.21,0.62,12.12,"5",12.16,1017.75,8.43969314850317
2013-02-07,2.42,-2.68,"17","4","winter",0.39,0.71,12.49,"2",-1.83,1017.82,12.2380164108497
2012-05-29,24.11,12.5,"20","2","spring",0.4,0.72,9.08,"5",12.61,1017.83,8.00506552777933
2012-09-28,15.83,6.9,"17","5","autumn",0.17,0.75,13.21,"9",6.81,1017.85,9.254501698002
2013-05-30,21.68,11.27,"20","4","spring",0.54,0.72,10.59,"5",10.44,1017.87,9.05063902911298
2011-12-21,12.14,3.84,"15","3","autumn",0.67,0.94,9.41,"12",8.6,1017.91,12.1485701985673
2013-09-07,16.86,9.13,"18","6","summer",0.37,0.8,12.57,"9",8.91,1017.99,8.3138346673913
2013-09-08,10.63,8.03,"18","7","summer",0.03,0.88,10.3,"9",8.26,1018.08,8.84021521130385
2012-07-25,26.44,15.93,"19","3","summer",0.12,0.61,11.7,"7",12.8,1018.08,7.99986409557522
2012-10-20,12.41,10.19,"16","6","autumn",0.69,0.94,9.22,"10",10.32,1018.09,10.1418403647463
2013-10-11,14.17,7.6,"17","5","autumn",0.43,0.83,10.62,"10",8.53,1018.13,9.8737308507775
2013-08-10,22.76,15.42,"19","6","summer",0.45,0.62,13.97,"8",10.78,1018.13,7.7033080859307
2012-07-23,28.32,14.21,"20","1","summer",0.02,0.58,12.31,"7",12.24,1018.25,7.99294122635349
2013-08-25,24.32,16.37,"19","7","summer",0.38,0.69,11.27,"8",13.13,1018.33,8.11769853416492
2013-10-09,11.82,4.19,"17","3","autumn",0.45,0.68,12.41,"10",3.67,1018.36,8.94084204544581
2013-05-25,18.82,4.49,"20","6","spring",0.34,0.55,14.76,"5",3.14,1018.43,8.91666168992349
2013-05-21,14.02,7.13,"19","2","spring",0.74,0.7,11.68,"5",5.89,1018.45,8.76439910578143
2012-05-26,25.98,13.55,"20","6","spring",0.13,0.56,13.02,"5",10.22,1018.48,8.12422372510798
2014-01-11,5.91,1.02,"16","6","winter",0.2,0.81,12.05,"1",3.31,1018.51,11.5389779543701
2012-04-04,6.47,2.59,"18","3","spring",0.7,0.76,9.64,"4",3.06,1018.58,10.2503971160213
2012-05-30,19.54,13.7,"20","3","spring",0.48,0.76,12.49,"5",12.02,1018.59,7.96831507510373
2013-08-26,22.78,12.82,"19","1","summer",0.23,0.69,11.3,"8",10.67,1018.6,8.0020666664
2012-01-19,11.51,3.28,"16","4","winter",0.56,0.85,11.33,"1",7.16,1018.64,12.2747607724138
2013-02-03,6.66,-2.93,"16","7","winter",0.55,0.82,13.12,"2",2.24,1018.69,13.305082923018
2013-12-20,10.42,-0.66,"15","5","autumn",0.36,0.79,13.82,"12",3.15,1018.73,11.4893173533751
2012-09-12,17.64,7.17,"18","3","summer",0.37,0.68,12.96,"9",7.18,1018.75,8.27887156851037
2013-08-14,23.46,16.78,"19","3","summer",0.55,0.79,10.88,"8",15.78,1018.77,7.71056052237166
2013-02-09,2.1,-0.57,"17","6","winter",0.7,0.86,10.38,"2",0.73,1018.79,12.8583726062739
2013-01-13,-0.09,-2.16,"16","7","winter",0.6,0.74,12.46,"1",-1.76,1018.81,13.66222980501
2013-08-08,23.85,15.72,"19","4","summer",0.48,0.67,12.42,"8",12.55,1018.82,7.66710662914773
2012-01-23,5.67,0.91,"16","1","winter",0.36,0.78,13.04,"1",2.57,1018.88,12.6141237675835
2012-12-09,5.37,0.49,"15","7","autumn",0.53,0.8,13.33,"12",3.43,1018.89,13.4189907764334
2012-03-16,7.32,6.07,"18","5","winter",0.89,0.76,9.4,"3",5.04,1018.93,11.3096224577928
2012-03-03,14.29,5.29,"17","6","winter",0.55,0.82,7.44,"3",6.42,1018.94,12.2079225427746
2012-09-29,16.46,4.87,"17","6","autumn",0.48,0.81,13.15,"9",8.66,1019,9.38299500593288
2013-08-03,22.98,14.79,"19","6","summer",0.43,0.7,12.67,"8",12.82,1019.02,7.74115223093797
2012-05-31,20.08,13.98,"20","4","spring",0.63,0.78,11.14,"5",12.69,1019.08,8.06943102470011
2012-01-27,6.15,-0.42,"16","5","winter",0.25,0.78,13,"1",1.44,1019.12,12.4719853474359
2012-11-08,12.34,5.13,"16","4","autumn",0.64,0.78,13.36,"11",6.19,1019.18,10.945955830105
2012-06-18,20.35,10.1,"20","1","spring",0.31,0.68,12.84,"6",9.32,1019.22,8.32665216317453
2013-04-22,20.25,10.02,"19","1","spring",0.46,0.68,12.5,"4",8.31,1019.23,9.41152330447539
2013-12-15,12.54,6.2,"15","7","autumn",0.68,0.91,9.14,"12",9.59,1019.25,12.257546770274
2012-01-20,10.05,0.73,"16","5","winter",0.47,0.78,12.99,"1",4.23,1019.26,12.7830270810417
2013-08-07,23.81,11.83,"19","3","summer",0.3,0.63,13.52,"8",10.42,1019.26,7.63305358805151
2013-02-08,2.73,-2.13,"17","5","winter",0.41,0.78,10.54,"2",-0.32,1019.29,12.1127377334306
2013-09-11,18.02,12.58,"18","3","summer",0.72,0.87,9.24,"9",12.51,1019.29,8.83915397771418
2012-08-19,24.54,17.05,"19","7","summer",0.34,0.75,12.5,"8",15.64,1019.31,8.41062870281572
2012-01-24,8.56,-1.04,"16","2","winter",0.6,0.95,7.92,"1",5.17,1019.33,12.8722519374031
2013-08-18,22.02,12.68,"19","7","summer",0.27,0.59,14.13,"8",9.32,1019.36,8.20290707031547
2012-09-21,15.62,5.43,"18","5","summer",0.28,0.69,12.97,"9",5.38,1019.37,8.80640323234452
2013-07-03,22.89,12.48,"20","3","summer",0.44,0.76,11.93,"7",13.32,1019.37,8.19504650277517
2012-06-22,18.12,11.01,"20","5","summer",0.33,0.71,13.23,"6",9.17,1019.39,8.44999326816543
2011-11-30,11.87,3.34,"15","3","autumn",0.31,0.78,13.05,"11",5.26,1019.43,8.81351315789474
2012-05-01,13.81,7.76,"19","2","spring",0.78,0.85,8.66,"5",8.57,1019.49,9.20682369256198
2012-04-14,6.16,-0.3,"18","6","spring",0.25,0.66,13.33,"4",0.21,1019.5,10.2552783720294
2012-08-06,19.32,11.49,"19","1","summer",0.46,0.78,12.89,"8",11.42,1019.52,8.26740390537702
2013-02-19,10.12,-1.43,"17","2","winter",0.11,0.79,6.95,"2",0.3,1019.55,11.3850073113711
2013-08-29,24.03,15.34,"18","4","summer",0.31,0.64,12.78,"8",12.18,1019.63,7.747788270754
2013-12-13,11.73,5.42,"15","5","autumn",0.51,0.85,9.45,"12",7.79,1019.67,11.3921246323811
2013-02-15,7.75,-0.06,"17","5","winter",0.41,0.77,13.04,"2",2.22,1019.7,11.552171169635
2012-10-23,16.18,13.08,"16","2","autumn",0.74,0.92,2.45,"10",12.82,1019.7,10.0804348464804
2013-07-20,26.07,16.84,"20","6","summer",0.51,0.71,11.64,"7",14.71,1019.71,8.01356375908834
2013-10-04,17.94,13.67,"17","5","autumn",0.49,0.87,11.91,"10",13.26,1019.72,8.70288308711845
2013-06-27,20.25,12.56,"20","4","summer",0.93,0.87,10.35,"6",13.92,1019.73,8.10337579638441
2013-05-02,19.71,4.48,"19","4","spring",0.34,0.56,14.76,"5",3.28,1019.76,8.55738646036824
2012-07-15,17.15,13.05,"20","7","summer",0.68,0.85,12.21,"7",12.67,1019.8,8.63847563729171
2012-03-30,11.09,4.29,"18","5","spring",0.61,0.71,11.22,"3",3.71,1019.84,9.34331788707317
2012-10-21,14.79,12.02,"16","7","autumn",0.9,0.98,1.48,"10",13.32,1019.88,10.9519319698141
2013-08-21,21.34,16.81,"19","3","summer",0.36,0.9,11.3,"8",16.62,1019.89,7.68057386971136
2012-06-25,22.92,14.04,"20","1","summer",0.56,0.69,12.83,"6",12.14,1019.93,8.26851710176991
2013-10-08,16.48,6.37,"17","2","autumn",0.55,0.76,12.46,"10",9.58,1019.97,8.76896484119116
2013-10-30,13.57,2.27,"16","3","autumn",0.33,0.8,13.36,"10",6.24,1020.1,9.92981667575583
2013-05-05,20.99,10.48,"19","7","spring",0.22,0.63,13.5,"5",8.15,1020.13,8.80253695803389
2013-09-09,16.65,7.53,"18","1","summer",0.64,0.77,11.54,"9",8.89,1020.2,8.78897464238322
2013-05-24,14.87,3.19,"20","5","spring",0.32,0.67,12.21,"5",3.72,1020.26,9.55757398660198
2012-05-25,24.64,15.06,"20","5","spring",0,0.58,12.01,"5",10.24,1020.27,7.96379895979203
2012-11-06,7.17,-1.72,"16","2","autumn",0.33,0.87,10.41,"11",3.89,1020.29,11.5324599924873
2013-04-06,10.37,-1.21,"18","6","spring",0.4,0.62,11.84,"4",-2.76,1020.37,11.0971770039067
2013-02-18,5.22,-0.63,"17","1","winter",0.33,0.83,7.23,"2",1.32,1020.42,11.5102278203724
2011-12-29,6.46,0.98,"15","4","winter",0.45,0.76,13.13,"12",3.3,1020.47,12.1449203962687
2013-02-22,-3.32,-4.29,"17","5","winter",0.81,0.63,13.04,"2",-5.38,1020.5,12.8562318234756
2012-12-12,1.8,-3.83,"15","3","autumn",0.45,0.91,6.49,"12",-2.29,1020.51,13.2632607213316
2012-09-07,27.12,10.41,"18","5","summer",0.14,0.62,12.36,"9",9.27,1020.6,8.03635264479429
2013-02-23,-1.89,-4.2,"17","6","winter",0.83,0.68,11.64,"2",-4.22,1020.81,13.245570067375
2012-03-31,12.88,1.12,"18","6","spring",0.25,0.61,12.83,"3",-0.04,1020.81,10.4233533220421
2012-09-19,17.38,8.07,"18","3","summer",0.45,0.7,13,"9",7.24,1020.9,8.54859403382716
2013-04-24,22.08,11.38,"19","3","spring",0.27,0.72,10.17,"4",10.36,1020.93,8.50609896036019
2013-09-10,16.49,12.47,"18","2","summer",0.75,0.77,11.72,"9",9.98,1020.96,8.71835151607858
2012-08-10,22.91,15.21,"19","5","summer",0.24,0.67,11.97,"8",12.38,1020.96,7.96711176451681
2012-11-12,12.18,3.72,"16","1","autumn",0.5,0.92,10.04,"11",7.51,1020.98,11.402977572382
2011-11-27,13.54,2.94,"16","7","autumn",0.42,0.72,13.08,"11",5.76,1021.11,10.8508048926829
2013-09-03,27.31,14.09,"18","2","summer",0.1,0.75,11.2,"9",14.8,1021.14,8.02121443505999
2013-01-09,9.13,1.77,"16","3","winter",0.52,0.9,8.64,"1",5.61,1021.19,11.3348165006165
2012-03-05,5.56,-1.21,"17","1","winter",0.48,0.64,13.07,"3",-0.17,1021.21,12.7162520024055
2013-02-13,1.23,-3.18,"17","3","winter",0.68,0.73,6.92,"2",-2.72,1021.27,12.7171507564519
2012-10-06,13.64,5.17,"17","6","autumn",0.25,0.87,9.98,"10",7.43,1021.29,9.57075800873047
2011-12-28,11.19,1.84,"15","3","winter",0.46,0.77,12.83,"12",4.89,1021.31,11.790656326615
2012-05-10,15.88,7.43,"19","4","spring",0.45,0.64,13.31,"5",6.23,1021.32,9.19821925746326
2013-06-07,17.06,6.88,"20","5","spring",0.36,0.69,12.44,"6",7.26,1021.44,8.05955094284913
2013-06-04,19.64,6.8,"20","2","spring",0.56,0.71,13.31,"6",8.12,1021.53,8.01897889462084
2013-06-05,20.88,6.66,"20","3","spring",0.23,0.68,13.34,"6",8.33,1021.53,8.0122647113768
2013-12-17,7.08,2.72,"15","2","autumn",0.6,0.9,9.61,"12",4.36,1021.59,11.370127618027
2013-08-12,19.8,11.46,"19","1","summer",0.43,0.69,13.5,"8",9.51,1021.59,7.78243539261084
2013-06-29,25.17,14.92,"20","6","summer",0.32,0.67,12.7,"6",13.17,1021.6,8.10806280560555
2012-01-07,10.34,4.72,"16","6","winter",0.6,0.72,13.45,"1",4.47,1021.72,12.7654599122642
2013-02-17,7.33,0.27,"17","7","winter",0.33,0.84,7.26,"2",1.91,1021.74,12.0296353172754
2013-05-04,17.79,5.5,"19","6","spring",0.36,0.68,12.91,"5",7.17,1021.76,8.86870556311186
2013-06-23,16.1,10.62,"20","7","summer",0.52,0.66,12.89,"6",7.04,1021.79,9.00841087190253
2013-08-28,23.19,14.16,"18","3","summer",0.31,0.56,11.65,"8",9.62,1021.8,7.81040460799695
2012-09-18,16.3,5.17,"18","2","summer",0.27,0.63,12.99,"9",4.66,1021.81,8.48585667139616
2013-04-20,14.12,1.46,"19","6","spring",0.28,0.64,12.79,"4",0.96,1021.92,9.48570009257196
2013-08-09,21.73,14.1,"19","5","summer",0.49,0.57,14.42,"8",8.98,1021.99,7.69374488659091
2012-07-16,22.48,13.92,"20","1","summer",0.55,0.77,12.81,"7",14.26,1022.06,8.57282552721519
2012-12-10,2.23,-1.04,"15","1","autumn",0.27,0.79,13.18,"12",0.61,1022.18,12.5283363466257
2013-08-27,23.38,12.45,"18","2","summer",0.37,0.69,11.52,"8",11.23,1022.24,7.8898722145877
2012-05-22,25.43,13.47,"19","2","spring",0.17,0.75,9.46,"5",14.32,1022.31,8.22785083722983
2013-06-28,21.19,13.42,"20","5","summer",0.35,0.61,13.23,"6",9.2,1022.39,8.29101761577961
2013-12-14,11.33,1.16,"15","6","autumn",0.35,0.81,12.73,"12",5.16,1022.45,11.7366547327856
2013-11-11,12.63,1.21,"16","1","autumn",0.65,0.91,7.81,"11",7.8,1022.52,11.0079090206631
2012-08-07,22.8,15.03,"19","2","summer",0.54,0.77,11.43,"8",14.56,1022.61,8.21325960980886
2012-11-15,9.07,5.43,"16","4","autumn",0.71,0.92,4.06,"11",5.96,1022.69,10.9394820950814
2013-05-01,16.96,3.39,"19","3","spring",0.2,0.43,15.34,"5",-1.68,1022.7,8.79350297401487
2011-11-28,12.58,1.31,"15","1","autumn",0.56,0.86,11.84,"11",4.39,1022.8,9.10338181454545
2013-08-13,22.04,11.04,"19","2","summer",0.39,0.78,12.23,"8",12.3,1022.81,7.73623005559977
2013-05-31,17.34,10.77,"20","5","spring",0.38,0.65,12.7,"5",7.56,1022.85,8.43245865167071
2013-07-15,29.2,17.03,"20","1","summer",0.46,0.56,14.87,"7",13.56,1022.88,8.0665576486624
2012-02-23,16.98,10.34,"17","4","winter",0.5,0.84,12.38,"2",10.29,1022.96,11.6221289532238
2013-06-06,19.64,10.02,"20","4","spring",0.38,0.66,14.39,"6",8.24,1023,7.96687892296338
2012-07-22,27.18,12.47,"20","7","summer",0.19,0.58,12.71,"7",10.92,1023.04,8.24220885079031
2013-02-20,3.78,-3.42,"17","3","winter",0.68,0.78,8.93,"2",-0.48,1023.08,11.7278959034211
2013-01-02,10.82,0.23,"16","3","winter",0.61,0.91,11.35,"1",5.41,1023.12,12.0166554789006
2013-07-14,29.3,17.96,"20","7","summer",0.4,0.45,14.66,"7",9.74,1023.14,8.32997890363534
2012-02-17,11.83,4.96,"17","5","winter",0.59,0.84,12.1,"2",6.82,1023.17,12.4417173919837
2012-12-08,4.69,0.01,"15","6","autumn",0.52,0.83,12.39,"12",1.79,1023.19,12.7869867960572
2013-04-05,8.53,-2.67,"18","5","spring",0.23,0.63,13.02,"4",-2.24,1023.34,11.7314792668086
2012-05-24,24.14,15.81,"20","4","spring",0.09,0.64,9.83,"5",12.14,1023.35,7.96099559641809
2013-07-19,22.49,16.34,"20","5","summer",0.51,0.74,12.42,"7",14.4,1023.47,7.8767767942362
2013-03-03,5.04,-1.14,"17","7","winter",0.58,0.8,10.12,"3",0.26,1023.52,12.7359069840441
2013-02-16,10.13,3.7,"17","6","winter",0.48,0.7,12.97,"2",1.36,1023.52,11.5626674574922
2012-09-03,24.79,13.71,"18","1","summer",0.42,0.77,11.41,"9",14.14,1023.55,8.36425897855493
2012-07-20,19.89,11.83,"20","5","summer",0.36,0.7,12.5,"7",9.86,1023.63,8.23411085412013
2012-01-06,6.13,1.64,"16","5","winter",0.45,0.78,12.96,"1",3.39,1023.65,12.7196217522459
2012-10-22,14.05,12.46,"16","1","autumn",0.88,0.96,1.82,"10",12.61,1023.66,10.2236387820314
2013-07-13,27.83,17.28,"20","6","summer",0.27,0.61,12.5,"7",14.39,1023.66,7.9428796842026
2013-04-23,19.35,8.49,"19","2","spring",0.33,0.74,11.96,"4",9.87,1023.67,8.66526337323551
2013-12-05,10.29,-2.54,"15","4","autumn",0.44,0.73,13.37,"12",0.94,1023.72,11.8151815876146
2013-11-14,6.61,2.32,"16","4","autumn",0.32,0.74,13.18,"11",3.61,1023.75,10.6443382847445
2013-07-16,30.28,17.14,"20","2","summer",0.23,0.54,14.52,"7",13.46,1023.84,8.02342824879473
2013-08-20,25.57,12.72,"19","2","summer",0.38,0.64,14.9,"8",11.59,1023.87,7.66068129101614
2013-02-24,-2.08,-3.26,"17","7","winter",0.86,0.71,13,"2",-3.17,1023.88,14.0142816025467
2012-01-18,11.92,2.05,"16","3","winter",0.76,0.93,6.28,"1",8.14,1023.93,12.7892092528634
2013-02-21,-2.51,-3.9,"17","4","winter",0.8,0.59,13.24,"2",-5.51,1023.97,12.5534853697696
2012-02-28,13.86,8.12,"17","2","winter",0.66,0.86,8.71,"2",8.89,1023.97,11.5684468601449
2013-07-12,29.24,15.01,"20","5","summer",0.11,0.67,12.65,"7",15.26,1023.97,7.81593541751083
2012-02-22,10.47,3.94,"17","3","winter",0.78,0.84,12.07,"2",6.12,1024.07,12.8836076937179
2012-02-19,3.63,-1.92,"17","7","winter",0.17,0.64,13.1,"2",-2.96,1024.14,13.7550365852304
2013-01-08,11.23,6.9,"16","2","winter",0.76,0.87,11.73,"1",7.77,1024.17,11.239405150671
2012-03-29,17.12,6.71,"18","4","spring",0.16,0.71,7.5,"3",6.67,1024.2,9.34187804902439
2013-11-23,4.72,0.61,"16","6","autumn",0.46,0.82,11.2,"11",2.72,1024.21,11.7709559905196
2013-11-17,9.57,7.78,"16","7","autumn",1,0.87,6.41,"11",6.73,1024.24,11.8816185322394
2013-04-30,16.32,2.32,"19","2","spring",0.26,0.62,12.7,"4",1.83,1024.26,8.84434200802974
2013-09-20,18.24,10.33,"18","5","summer",0.56,0.87,10.83,"9",12.37,1024.26,8.80031623223583
2012-11-07,7.64,2.35,"16","3","autumn",0.47,0.86,12.67,"11",5.79,1024.32,11.2462700933201
2011-11-25,13.03,4.84,"16","5","autumn",0.48,0.79,12.38,"11",7.24,1024.47,9.499781246875
2012-09-06,25.76,11.46,"18","4","summer",0.18,0.63,11.75,"9",9.58,1024.47,8.07335405306594
2013-04-29,13.71,4.3,"19","1","spring",0.22,0.62,13.15,"4",2.28,1024.5,9.06303884040141
2012-03-15,16.79,1.59,"18","4","winter",0.32,0.82,3.2,"3",5.72,1024.51,10.9699323366169
2012-02-14,5.84,1.06,"17","2","winter",0.57,0.76,12.73,"2",2.39,1024.57,13.6531570791024
2012-09-01,18.37,12.57,"18","6","summer",0.56,0.87,12.07,"9",13.66,1024.58,8.3001495484142
2012-02-29,12.74,8.36,"17","3","winter",0.54,0.85,7.77,"2",8.31,1024.65,11.5166678478055
2011-12-22,12.14,5.37,"15","4","winter",0.38,0.87,12.99,"12",8.07,1024.71,11.8394032659401
2013-10-07,19.62,13.36,"17","1","autumn",0.55,0.85,10.3,"10",13.79,1024.75,8.94882155080676
2012-04-15,10.94,-0.22,"18","7","spring",0.37,0.59,12.78,"4",-1.87,1024.8,11.1263464632844
2012-01-15,2.97,-1.38,"16","7","winter",0.32,0.78,12.33,"1",-0.41,1024.8,14.0372163947608
2013-12-12,7.28,-0.88,"15","4","autumn",0.16,0.94,3.14,"12",4.39,1024.86,11.641280485046
2012-02-27,11.15,3.69,"17","1","winter",0.67,0.85,11.09,"2",6.44,1024.91,12.196422460928
2013-09-22,19.64,13.03,"17","7","summer",0.52,0.89,9.43,"9",13.87,1024.98,9.5127087561027
2013-08-30,19.87,14.22,"18","5","summer",0.12,0.6,13.86,"8",8.51,1025.01,7.85504988570069
2013-07-11,23.92,12.01,"20","4","summer",0.39,0.7,13.73,"7",11.49,1025.08,7.77092362678706
2012-05-15,13.46,1.41,"19","2","spring",0.31,0.64,12.96,"5",2.52,1025.11,9.45404663253857
2012-03-06,7.22,-0.25,"17","2","winter",0.55,0.78,12.55,"3",1.63,1025.17,13.0291936920045
2013-07-18,27.27,15.62,"20","4","summer",0.18,0.57,15.16,"7",12.44,1025.17,8.00012283381688
2012-02-15,10.61,3.46,"17","3","winter",0.59,0.73,13.13,"2",4.01,1025.18,13.0541475835862
2013-12-08,11.24,2.53,"15","7","autumn",0.35,0.83,12.87,"12",5.36,1025.35,12.0805413023823
2013-07-10,21.69,11.99,"20","3","summer",0.37,0.64,13.94,"7",8.64,1025.45,7.84724430656879
2012-01-16,4.18,-1.97,"16","1","winter",0.23,0.74,10.98,"1",-1.64,1025.48,13.0478076073826
2013-07-09,23.19,13.36,"20","2","summer",0.22,0.64,13.39,"7",11.16,1025.5,7.8650527002635
2013-10-06,18.57,10.37,"17","7","autumn",0.47,0.87,8.71,"10",12.14,1025.51,9.37681194638878
2013-04-18,11.95,3.88,"19","4","spring",0.47,0.69,13.12,"4",3.68,1025.56,9.25026850964928
2012-03-02,8.23,4.77,"17","5","winter",0.66,0.91,2.9,"3",5.9,1025.57,11.8473117035921
2013-10-05,19.19,8.76,"17","6","autumn",0.41,0.82,11.14,"10",10.39,1025.61,9.15231432281106
2012-08-08,25.92,13.33,"19","3","summer",0.27,0.69,11.47,"8",13.31,1025.62,8.00354526408318
2012-09-02,24.34,15.69,"18","7","summer",0.5,0.72,10.48,"9",13.16,1025.68,9.00151469930701
2012-05-23,25.66,15.36,"19","3","spring",0.31,0.78,7.47,"5",15.89,1025.75,8.03159892563414
2011-11-26,12.96,4.69,"16","6","autumn",0.44,0.81,13.07,"11",6.96,1025.8,10.2677073097561
2012-01-30,2.42,0.03,"16","1","winter",0.55,0.79,9.29,"1",-0.85,1026.05,13.4519788343915
2012-08-09,24.99,14.5,"19","4","summer",0.23,0.7,11.7,"8",13.77,1026.05,7.97107120375971
2012-01-31,1.13,-2.95,"16","2","winter",0.55,0.84,5.62,"1",-1.22,1026.13,13.8905180736661
2013-11-12,13.11,4.61,"16","2","autumn",0.56,0.85,9.91,"11",8.19,1026.13,10.4047125775656
2012-08-31,20.53,13.11,"18","5","summer",0.55,0.72,13.15,"8",11.33,1026.14,8.09845590134397
2012-03-01,15.11,6.16,"17","4","winter",0.11,0.8,6.08,"3",6.67,1026.15,11.2190129100939
2013-07-17,27.56,17.5,"20","3","summer",0.18,0.6,14.02,"7",13.54,1026.15,8.07288736129215
2012-11-13,14.66,10.06,"16","2","autumn",0.54,0.88,11.49,"11",10.34,1026.29,10.704661240586
2012-11-14,12.62,7.08,"16","3","autumn",0.55,0.86,9.21,"11",8.13,1026.48,10.6868372477758
2013-06-26,19.23,12.2,"20","3","summer",0.54,0.69,12.13,"6",9.39,1026.49,8.03627886081334
2012-01-08,8.09,5.52,"16","7","winter",0.73,0.75,13.13,"1",4.46,1026.57,13.3955697359338
2013-12-07,6.32,4.02,"15","6","autumn",0.47,0.85,11.78,"12",5.06,1026.6,11.9242619130859
2012-03-23,19.48,6.74,"18","5","spring",0.07,0.74,5.05,"3",7.29,1026.63,10.1237569813717
2013-11-29,10.18,2.99,"15","5","autumn",0.62,0.77,11.02,"11",4.59,1026.65,10.9968387901754
2012-07-21,22.86,12.24,"20","6","summer",0.22,0.66,12.6,"7",10.53,1026.73,8.1380082199157
2012-09-04,19.97,12.07,"18","2","summer",0.27,0.6,12.5,"9",7.83,1026.74,8.33847197134159
2013-01-07,7.31,5.24,"16","1","winter",0.84,0.92,9.7,"1",6.78,1026.88,11.6575829856884
2013-02-25,0.59,-2.46,"17","1","winter",0.84,0.83,9.78,"2",0.51,1026.97,13.0590554935714
2013-06-03,20.07,6.1,"20","1","spring",0.27,0.6,14.65,"6",6.01,1027,8.11301942072829
2013-09-01,24.94,11.88,"18","7","summer",0.33,0.7,14.03,"9",12.37,1027,8.41948351945132
2013-09-02,23.92,14.04,"18","1","summer",0.33,0.76,12.67,"9",14.63,1027.04,8.02530032348124
2011-11-23,10.36,2.18,"16","3","autumn",0.36,0.93,8.06,"11",6.29,1027.12,6.95269231538462
2011-11-24,12.93,7.01,"16","4","autumn",0.41,0.89,10.64,"11",8.56,1027.22,8.536479996
2012-02-24,14.43,7.01,"17","5","winter",0.6,0.83,12.21,"2",8.44,1027.25,11.5331957622195
2013-11-30,6.01,2.19,"15","6","autumn",0.5,0.73,12.46,"11",2.1,1027.3,11.530147006668
2012-02-13,3.42,-1.33,"17","1","winter",0.65,0.9,7.79,"2",2.69,1027.34,14.3054505665254
2013-08-19,23.53,12.16,"19","1","summer",0.37,0.6,15.13,"8",9.7,1027.38,7.80935943712222
2012-02-16,10.61,3.44,"17","4","winter",0.51,0.74,13.26,"2",3.44,1027.4,12.5933233270123
2012-02-05,1.81,-4.68,"16","7","winter",0.85,0.96,4.18,"2",0.28,1027.42,15.9402381719243
2012-02-25,12.11,5.93,"17","6","winter",0.51,0.67,12.83,"2",3.28,1027.58,11.8060770159006
2013-12-06,5.72,-1.27,"15","5","autumn",0.38,0.7,12.67,"12",0.71,1027.65,11.6051751948828
2013-03-02,3.13,-0.01,"17","6","winter",0.66,0.72,13.05,"3",-1.48,1027.67,12.3088508924986
2012-01-17,5.21,-3.24,"16","2","winter",0.34,0.83,10.61,"1",-0.09,1027.71,13.2670712688196
2013-09-21,18.89,14.25,"18","6","summer",0.69,0.9,10.57,"9",15.16,1027.75,9.04583946362069
2012-01-12,12.4,2.86,"16","4","winter",0.46,0.81,13.12,"1",5.51,1027.85,12.0568248843318
2012-03-28,19.16,5.82,"18","3","spring",0.19,0.61,10.85,"3",5.11,1027.92,9.53081514918567
2012-01-28,4.04,1.08,"16","6","winter",0.57,0.86,11.51,"1",2.25,1027.99,13.3679566806859
2011-12-24,5.32,-0.51,"15","6","winter",0.37,0.8,13.16,"12",2.79,1028.17,13.0653174589947
2012-02-26,12.67,1.82,"17","7","winter",0.28,0.74,12.36,"2",3.37,1028.24,12.4442211160248
2012-09-05,20.76,8.67,"18","3","summer",0.46,0.67,12.41,"9",8.34,1028.3,8.15701951741868
2013-07-08,25.61,12.01,"20","1","summer",0.13,0.57,14.68,"7",8.84,1028.39,7.96851749430023
2013-07-04,24.62,12.63,"20","4","summer",0.29,0.65,13.18,"7",11.66,1028.43,8.01432251371482
2011-12-25,11.98,5.93,"15","7","winter",0.88,0.83,13.99,"12",7.9,1028.45,12.9494285674603
2013-06-01,18.83,8.97,"20","6","spring",0.27,0.59,13.42,"6",5.82,1028.53,8.47592064981329
2012-03-24,18.83,6.42,"18","6","spring",0.08,0.74,6.12,"3",6.81,1028.59,10.2277729189235
2013-06-24,18.76,11.26,"20","1","summer",0.42,0.57,14.24,"6",6.54,1028.61,8.41985955366585
2012-08-30,17.72,5.92,"18","4","summer",0.33,0.6,13.02,"8",5.08,1028.62,8.33731253847931
2013-12-09,11.01,3.17,"15","1","autumn",0.32,0.89,10.73,"12",5.74,1028.84,11.2236781246094
2012-02-21,11.65,2.74,"17","2","winter",0.66,0.76,13.37,"2",4.36,1028.85,12.6396915062745
2013-03-01,3.28,-1.08,"17","5","winter",0.83,0.78,10.27,"3",0.98,1029.18,12.0484988962316
2013-12-04,6.66,-0.58,"15","3","autumn",0.56,0.77,12.25,"12",2.22,1029.19,11.3561043892683
2012-03-22,15.81,3.51,"18","4","spring",0.1,0.72,6.63,"3",5.28,1029.23,10.2048129331294
2012-12-11,1.26,-2.49,"15","2","autumn",0.29,0.89,6.18,"12",-1.19,1029.42,11.7740591522612
2013-12-11,6.34,0.46,"15","3","autumn",0.03,0.93,3.48,"12",2.51,1029.46,11.7077109589628
2013-08-31,21.07,10.17,"18","6","summer",0.33,0.63,14.79,"8",8.36,1029.46,7.9242992379619
2013-12-03,7.22,1.58,"15","2","autumn",0.97,0.72,11.99,"12",1.56,1029.5,11.4140062422829
2013-07-05,26.47,13.48,"20","5","summer",0.12,0.63,12.89,"7",12.57,1029.5,7.97027959417512
2012-01-09,12.33,5.51,"16","1","winter",0.68,0.84,12.47,"1",7.61,1029.61,12.4490494101176
2013-02-28,4.09,-1.18,"17","4","winter",0.64,0.8,12.67,"2",0.96,1029.69,11.9905610054208
2013-06-25,20.61,10.14,"20","2","summer",0.42,0.64,13.53,"6",8.75,1029.89,8.02718950264292
2012-01-14,5.77,-1.79,"16","6","winter",0.14,0.86,10.54,"1",-0.3,1030.1,13.4962984068337
2013-11-24,5.55,2.69,"16","7","autumn",0.77,0.78,11.78,"11",3.17,1030.42,12.4271839249708
2012-03-08,12.03,-0.33,"17","4","winter",0.29,0.68,12.96,"3",1.64,1030.58,12.0449306114537
2012-01-29,2.68,-0.24,"16","7","winter",0.77,0.89,6.73,"1",1.43,1030.78,14.1275866371841
2012-05-12,16.26,4.6,"19","6","spring",0.19,0.62,12.76,"5",3.74,1030.8,9.15230502785847
2012-03-14,12.41,3.37,"18","3","winter",0.54,0.8,6.61,"3",4.08,1031.31,10.9925132638776
2013-12-10,7.65,2.06,"15","2","autumn",0.23,0.91,4.49,"12",3.99,1031.32,11.3784299968518
2013-06-02,18.66,7.24,"20","7","spring",0.26,0.66,13.28,"6",6.34,1031.47,8.73745320429666
2013-07-06,27.28,14.99,"20","6","summer",0.12,0.66,10.98,"7",13.97,1031.56,7.99750949821328
2013-11-16,8.36,-0.1,"16","6","autumn",0.35,0.87,9.66,"11",3.66,1031.84,11.2957998828638
2013-11-13,9.09,0.39,"16","3","autumn",0.45,0.82,12.99,"11",3.22,1032,10.669635555592
2012-03-19,13.27,-0.32,"18","1","winter",0.17,0.68,11.46,"3",1.41,1032.01,11.0559449086835
2012-02-20,5.37,-4.67,"17","1","winter",0.33,0.7,12.92,"2",-1.73,1032.06,13.3062665818302
2013-02-26,1.8,-1.18,"17","2","winter",0.86,0.91,3.48,"2",2.55,1032.15,12.573332295915
2013-01-06,6.98,5.08,"16","7","winter",0.67,0.96,5.5,"1",7,1032.19,12.4222632910543
2012-02-01,-1.86,-5.98,"16","3","winter",0.36,0.67,11.41,"2",-4.69,1032.32,13.8149644032203
2013-01-03,11.41,7.07,"16","4","winter",0.66,0.91,11.89,"1",9.12,1032.61,11.3992211533019
2013-04-19,13.14,2.88,"19","5","spring",0.16,0.66,12.07,"4",1.01,1032.63,9.44901226100687
2013-07-07,25.18,14.99,"20","7","summer",0.14,0.65,13.5,"7",12.9,1032.66,8.33993133843115
2012-03-27,21.14,4.88,"18","2","spring",0.1,0.49,12.62,"3",1.45,1032.69,9.56769350731306
2013-11-15,7.41,1.74,"16","5","autumn",0.27,0.72,13.12,"11",1.52,1032.71,10.7880055918804
2011-12-27,10.33,5.59,"15","2","winter",0.85,0.74,13.39,"12",5.47,1032.76,11.4949444444444
2012-01-13,4.61,0.08,"16","5","winter",0.16,0.83,11.83,"1",1.34,1032.84,12.5227568759174
2013-12-01,8.59,0.21,"15","7","autumn",0.55,0.83,11.59,"12",3.48,1032.9,12.2626361152886
2012-01-11,11.19,4.79,"16","3","winter",0.53,0.84,13.05,"1",6.53,1032.94,11.9812074606061
2012-02-06,4.08,0.15,"16","1","winter",0.79,0.92,3.28,"2",1.11,1033.06,14.0466916030534
2011-12-26,12.91,6.91,"15","1","winter",0.81,0.84,13.23,"12",8.88,1033.14,11.0655767219577
2012-01-10,11.29,7.25,"16","2","winter",0.72,0.87,12.42,"1",7.92,1033.21,11.9761538386946
2012-03-25,13.79,2.47,"18","7","spring",0.39,0.78,9,"3",4.69,1033.5,10.6978578656854
2013-12-02,8.79,6.24,"15","1","autumn",0.86,0.79,10.7,"12",4.41,1033.95,11.2390421288473
2013-11-27,10.32,4.12,"15","3","autumn",0.88,0.89,6.76,"11",6.37,1033.95,11.2999243954014
2012-03-21,15.62,5.38,"18","3","spring",0.47,0.67,12.6,"3",4.93,1034.03,10.3803018700801
2013-02-27,2.67,-1.82,"17","3","winter",0.69,0.83,8.92,"2",0.84,1034.17,12.0587594795017
2012-02-12,2.73,-6.26,"17","7","winter",0.59,0.88,4.91,"2",-1.04,1034.52,15.8786342871429
2012-03-13,10.89,4.71,"18","2","winter",0.79,0.86,6.08,"3",5.45,1034.58,10.9968856568607
2013-11-28,9.38,7.97,"15","4","autumn",0.96,0.87,6.34,"11",6.94,1034.64,11.0534845068603
2012-03-09,10.86,4.48,"17","5","winter",0.64,0.78,13.02,"3",5.51,1034.68,12.1569891098039
2012-03-20,14.48,1.97,"18","2","winter",0.34,0.72,13.05,"3",4.41,1034.75,10.7309130871912
2012-03-12,13.86,4.46,"18","1","winter",0.41,0.87,4.76,"3",6.53,1035,10.9877274663839
2013-01-05,10.66,5.76,"16","6","winter",0.72,0.92,9.58,"1",7.82,1035.16,11.7098355089953
2012-02-02,-3.78,-6.49,"16","4","winter",0.29,0.59,13.05,"2",-7.84,1035.76,14.3687993373355
2012-02-04,-2.32,-5.9,"16","6","winter",0.58,0.8,8.64,"2",-4.19,1036.05,15.1541356386435
2012-03-25,18.18,2.4,"18","7","spring",0.15,0.71,8.16,"3",4.3,1036.22,10.6978578656854
2012-03-26,18.26,4.77,"18","1","spring",0.14,0.53,11.64,"3",1.49,1036.33,9.98495594530341
2012-03-10,15.39,6.66,"17","6","winter",0.53,0.81,11.17,"3",8.37,1036.42,11.9250324358919
2012-05-11,14.44,3.24,"19","5","spring",0.16,0.58,13.23,"5",1.98,1036.68,8.72991557253283
2012-02-11,1.93,-5.64,"17","6","winter",0.04,0.78,6.98,"2",-5.69,1036.81,14.8736771495714
2012-03-11,15.55,6.04,"17","7","winter",0.38,0.81,10.59,"3",7.37,1036.86,12.0489600033514
2013-01-04,10.79,5.7,"16","5","winter",0.83,0.85,12.34,"1",7.31,1037.15,11.4170197710684
2013-11-25,4.63,1.89,"16","1","autumn",0.73,0.77,12.17,"11",2.08,1037.52,11.5675416503893
2012-02-10,-0.54,-5.24,"17","5","winter",0.47,0.81,8.38,"2",-3.39,1038.18,14.6072097652299
2013-11-26,5.77,1.08,"16","2","autumn",0.47,0.72,12.63,"11",0.86,1038.71,11.4432681977228
2012-02-03,-1.67,-5.77,"16","5","winter",0.36,0.67,12.89,"2",-6.19,1039.19,14.5212743186603
2012-02-09,1.79,-3.7,"17","4","winter",0.75,0.81,9.75,"2",-2.67,1039.26,14.4024537434655
2012-02-07,1.92,-7.99,"17","2","winter",0.58,0.75,8.92,"2",-3.58,1039.95,13.8827661226387
2012-02-08,-3.19,-6.87,"17","3","winter",0.89,0.78,12.55,"2",-3.72,1040.92,15.1970534126113
