"date","apparentTemperatureMax","sunsetTimeHour","weekday","season","cloudCover","humidity","visibility","month","energy_sum"
2013-01-16,-0.15,"16","3","winter",0.48,0.91,4.12,"1",13.1475355111535
2013-01-20,-0.46,"16","7","winter",0.85,0.91,5.1,"1",15.0218996733006
2013-01-10,2.36,"16","4","winter",0.7,0.94,5.21,"1",12.0667892249773
2013-01-06,6.98,"16","7","winter",0.67,0.96,5.5,"1",12.4222632910543
2012-01-31,1.13,"16","2","winter",0.55,0.84,5.62,"1",13.8905180736661
2013-01-11,5.7,"16","5","winter",0.52,0.93,5.7,"1",12.1099493560174
2012-01-18,11.92,"16","3","winter",0.76,0.93,6.28,"1",12.7892092528634
2013-01-22,-1.43,"16","2","winter",0.53,0.88,6.31,"1",13.5269712726727
2014-01-21,6.26,"16","2","winter",0.37,0.89,6.36,"1",11.3706013415024
2013-01-18,-2.04,"16","5","winter",0.67,0.85,6.41,"1",14.0458393609122
2014-01-30,5.86,"16","4","winter",0.81,0.91,6.63,"1",11.6851688718349
2012-01-29,2.68,"16","7","winter",0.77,0.89,6.73,"1",14.1275866371841
2014-01-31,5.27,"16","5","winter",0.73,0.91,7.08,"1",11.8579569248765
2013-01-19,-2.56,"16","6","winter",0.84,0.86,7.53,"1",14.7039191198655
2013-01-23,-1.4,"16","3","winter",0.75,0.82,7.69,"1",13.3444426455735
2012-01-24,8.56,"16","2","winter",0.6,0.95,7.92,"1",12.8722519374031
2013-01-21,1.08,"16","1","winter",0.68,0.9,8.14,"1",13.6400919818397
2014-01-12,6.06,"16","7","winter",0.46,0.9,8.27,"1",12.752337201987
2013-01-09,9.13,"16","3","winter",0.52,0.9,8.64,"1",11.3348165006165
2014-01-25,11.77,"16","6","winter",0.44,0.83,8.71,"1",11.6207782169692
2012-01-30,2.42,"16","1","winter",0.55,0.79,9.29,"1",13.4519788343915
2014-01-29,2.53,"16","3","winter",0.93,0.9,9.53,"1",11.8007765057256
2013-01-05,10.66,"16","6","winter",0.72,0.92,9.58,"1",11.7098355089953
2013-01-17,2.88,"16","4","winter",0.31,0.83,9.64,"1",13.2786870223373
2014-01-20,8.44,"16","1","winter",0.17,0.89,9.64,"1",11.4308828747778
2013-01-14,0.94,"16","1","winter",0.59,0.88,9.66,"1",13.1828340586238
2013-01-07,7.31,"16","1","winter",0.84,0.92,9.7,"1",11.6575829856884
2014-01-15,11.19,"16","3","winter",0.77,0.9,9.85,"1",11.1848494391458
2014-01-01,11.34,"16","3","winter",0.642309518585873,0.86,9.95,"1",12.3025863898608
2013-01-12,0.07,"16","6","winter",0.57,0.83,10.03,"1",13.0604536041583
2014-01-22,10.02,"16","3","winter",0.69,0.87,10.2,"1",11.1095600868597
2013-01-26,4.69,"16","6","winter",0.51,0.86,10.27,"1",12.8488882614923
2013-01-24,2.08,"16","4","winter",0.8,0.79,10.32,"1",13.3672035666727
2012-01-25,8.59,"16","3","winter",0.81,0.9,10.38,"1",12.5534952612903
2012-01-14,5.77,"16","6","winter",0.14,0.86,10.54,"1",13.4962984068337
2012-01-17,5.21,"16","2","winter",0.34,0.83,10.61,"1",13.2670712688196
2014-01-06,12.57,"16","1","winter",0.58,0.78,10.67,"1",11.4085163688296
2013-01-25,0.81,"16","5","winter",0.74,0.8,10.8,"1",13.4207022727389
2012-01-03,12.41,"16","2","winter",0.48,0.82,10.8,"1",12.7440454538278
2013-01-29,13.09,"16","2","winter",0.69,0.89,10.88,"1",11.61870890213
2014-01-03,10.49,"16","5","winter",0.4,0.78,10.93,"1",11.4890460694962
2012-01-16,4.18,"16","1","winter",0.23,0.74,10.98,"1",13.0478076073826
2014-01-04,6.66,"16","6","winter",0.61,0.84,11.27,"1",11.9950962923514
2012-01-19,11.51,"16","4","winter",0.56,0.85,11.33,"1",12.2747607724138
2013-01-02,10.82,"16","3","winter",0.61,0.91,11.35,"1",12.0166554789006
2014-01-07,11.38,"16","2","winter",0.59,0.78,11.36,"1",11.2682336777691
2013-01-15,0.89,"16","2","winter",0.58,0.85,11.41,"1",12.9437203566007
2014-01-23,4.93,"16","4","winter",0.32,0.82,11.49,"1",11.3004138756208
2012-01-28,4.04,"16","6","winter",0.57,0.86,11.51,"1",13.3679566806859
2014-01-05,11.96,"16","7","winter",0.44,0.87,11.67,"1",12.6112740641051
2014-01-17,5.71,"16","5","winter",0.47,0.87,11.7,"1",11.1387360642505
2014-01-16,10.72,"16","4","winter",0.58,0.83,11.72,"1",10.9503075430203
2013-01-08,11.23,"16","2","winter",0.76,0.87,11.73,"1",11.239405150671
2014-01-18,7.53,"16","6","winter",0.35,0.83,11.81,"1",11.5465703025207
2012-01-13,4.61,"16","5","winter",0.16,0.83,11.83,"1",12.5227568759174
2013-01-30,12.56,"16","3","winter",0.44,0.77,11.88,"1",11.0800833773348
2013-01-03,11.41,"16","4","winter",0.66,0.91,11.89,"1",11.3992211533019
2013-01-28,10.54,"16","1","winter",0.47,0.84,11.91,"1",12.3470513184713
2014-01-28,6.34,"16","2","winter",0.61,0.83,11.94,"1",11.3448047011651
2014-01-26,5.99,"16","7","winter",0.4,0.79,11.97,"1",12.7296587090945
2014-01-24,5.72,"16","5","winter",0.54,0.83,11.99,"1",11.4098802288674
2014-01-08,11.62,"16","3","winter",0.5,0.85,11.99,"1",11.0061509800784
2013-01-27,10.26,"16","7","winter",0.43,0.77,12.01,"1",12.9283932653685
2014-01-11,5.91,"16","6","winter",0.2,0.81,12.05,"1",11.5389779543701
2014-01-02,10.75,"16","4","winter",0.4,0.82,12.23,"1",11.2233471863752
2012-01-15,2.97,"16","7","winter",0.32,0.78,12.33,"1",14.0372163947608
2012-01-01,12.59,"16","7","winter",0.58,0.9,12.33,"1",12.4662652051095
2013-01-04,10.79,"16","5","winter",0.83,0.85,12.34,"1",11.4170197710684
2012-01-10,11.29,"16","2","winter",0.72,0.87,12.42,"1",11.9761538386946
2014-01-13,6.98,"16","1","winter",0.37,0.83,12.44,"1",11.3645537183196
2013-01-13,-0.09,"16","7","winter",0.6,0.74,12.46,"1",13.66222980501
2012-01-09,12.33,"16","1","winter",0.68,0.84,12.47,"1",12.4490494101176
2014-01-19,7.39,"16","7","winter",0.33,0.8,12.54,"1",10.6354125075163
2012-01-04,4.77,"16","3","winter",0.49,0.78,12.62,"1",12.7411404771429
2014-01-09,12.01,"16","4","winter",0.39,0.77,12.63,"1",11.1195716262102
2014-01-27,4.34,"16","1","winter",0.38,0.79,12.68,"1",11.7538709560971
2012-01-26,6.9,"16","4","winter",0.51,0.8,12.71,"1",12.3720544061914
2013-01-31,6.38,"16","4","winter",0.35,0.74,12.89,"1",11.2815322518586
2012-01-05,11.46,"16","4","winter",0.47,0.7,12.92,"1",12.8480783845606
2012-01-06,6.13,"16","5","winter",0.45,0.78,12.96,"1",12.7196217522459
2012-01-20,10.05,"16","5","winter",0.47,0.78,12.99,"1",12.7830270810417
2012-01-27,6.15,"16","5","winter",0.25,0.78,13,"1",12.4719853474359
2014-01-10,10.14,"16","5","winter",0.4,0.85,13,"1",11.2469911448249
2012-01-23,5.67,"16","1","winter",0.36,0.78,13.04,"1",12.6141237675835
2012-01-11,11.19,"16","3","winter",0.53,0.84,13.05,"1",11.9812074606061
2014-01-14,4.15,"16","2","winter",0.29,0.81,13.08,"1",11.3336020446172
2012-01-12,12.4,"16","4","winter",0.46,0.81,13.12,"1",12.0568248843318
2012-01-08,8.09,"16","7","winter",0.73,0.75,13.13,"1",13.3955697359338
2012-01-22,11.8,"16","7","winter",0.37,0.68,13.15,"1",13.7207991855984
2013-01-01,4.38,"16","2","winter",0.43,0.82,13.15,"1",11.8391743154907
2012-01-02,4.8,"16","1","winter",0.21,0.81,13.23,"1",12.7547445243309
2012-01-21,12.35,"16","6","winter",0.59,0.75,13.36,"1",12.735594320284
2012-01-07,10.34,"16","6","winter",0.6,0.72,13.45,"1",12.7654599122642
2012-02-06,4.08,"16","1","winter",0.79,0.92,3.28,"2",14.0466916030534
2013-02-26,1.8,"17","2","winter",0.86,0.91,3.48,"2",12.573332295915
2012-02-05,1.81,"16","7","winter",0.85,0.96,4.18,"2",15.9402381719243
2013-02-11,-1.66,"17","1","winter",0.87,0.93,4.36,"2",13.0586748727753
2012-02-12,2.73,"17","7","winter",0.59,0.88,4.91,"2",15.8786342871429
2013-02-13,1.23,"17","3","winter",0.68,0.73,6.92,"2",12.7171507564519
2013-02-19,10.12,"17","2","winter",0.11,0.79,6.95,"2",11.3850073113711
2012-02-11,1.93,"17","6","winter",0.04,0.78,6.98,"2",14.8736771495714
2013-02-10,1.58,"17","7","winter",0.84,0.93,7.07,"2",13.5981282156848
2013-02-18,5.22,"17","1","winter",0.33,0.83,7.23,"2",11.5102278203724
2013-02-17,7.33,"17","7","winter",0.33,0.84,7.26,"2",12.0296353172754
2013-02-12,-0.19,"17","2","winter",0.86,0.76,7.32,"2",12.9407751655361
2012-02-29,12.74,"17","3","winter",0.54,0.85,7.77,"2",11.5166678478055
2012-02-13,3.42,"17","1","winter",0.65,0.9,7.79,"2",14.3054505665254
2012-02-10,-0.54,"17","5","winter",0.47,0.81,8.38,"2",14.6072097652299
2012-02-04,-2.32,"16","6","winter",0.58,0.8,8.64,"2",15.1541356386435
2012-02-28,13.86,"17","2","winter",0.66,0.86,8.71,"2",11.5684468601449
2012-02-07,1.92,"17","2","winter",0.58,0.75,8.92,"2",13.8827661226387
2013-02-27,2.67,"17","3","winter",0.69,0.83,8.92,"2",12.0587594795017
2013-02-20,3.78,"17","3","winter",0.68,0.78,8.93,"2",11.7278959034211
2012-02-09,1.79,"17","4","winter",0.75,0.81,9.75,"2",14.4024537434655
2013-02-25,0.59,"17","1","winter",0.84,0.83,9.78,"2",13.0590554935714
2014-02-19,10.13,"17","3","winter",0.64,0.87,9.95,"2",10.6746236023562
2014-02-17,10.67,"17","1","winter",0.56,0.83,10.32,"2",10.9795659881978
2013-02-09,2.1,"17","6","winter",0.7,0.86,10.38,"2",12.8583726062739
2014-02-06,7.34,"16","4","winter",0.67,0.82,10.53,"2",11.4454033323617
2013-02-08,2.73,"17","5","winter",0.41,0.78,10.54,"2",12.1127377334306
2013-02-14,10.59,"17","4","winter",0.55,0.81,10.56,"2",11.9807755056945
2014-02-20,12.5,"17","4","winter",0.61,0.84,10.61,"2",10.5738353968038
2014-02-07,8.44,"17","5","winter",0.63,0.79,10.85,"2",10.972318254623
2014-02-05,5.86,"16","3","winter",0.73,0.77,10.91,"2",11.4151045424321
2012-02-27,11.15,"17","1","winter",0.67,0.85,11.09,"2",12.196422460928
2014-02-14,12.02,"17","5","winter",0.67,0.81,11.17,"2",11.8169143320215
2014-02-08,5.67,"17","6","winter",0.47,0.77,11.2,"2",11.5693004562016
2012-02-01,-1.86,"16","3","winter",0.36,0.67,11.41,"2",13.8149644032203
2014-02-18,10.13,"17","2","winter",0.57,0.87,11.49,"2",10.7818979815532
2014-02-01,6.86,"16","6","winter",0.19,0.76,11.6,"2",11.7105819325163
2013-02-23,-1.89,"17","6","winter",0.83,0.68,11.64,"2",13.245570067375
2014-02-12,4.73,"17","3","winter",0.59,0.75,11.8,"2",11.679099381932
2014-02-10,7.07,"17","1","winter",0.55,0.84,11.81,"2",11.2641751736048
2014-02-27,10.31,"17","4","winter",0.32,0.74,12.04,"2",10.3563498993587
2014-02-04,5.63,"16","2","winter",0.42,0.75,12.05,"2",11.0955844370224
2012-02-22,10.47,"17","3","winter",0.78,0.84,12.07,"2",12.8836076937179
2014-02-25,11.43,"17","2","winter",0.62,0.78,12.09,"2",10.2949965968769
2012-02-17,11.83,"17","5","winter",0.59,0.84,12.1,"2",12.4417173919837
2012-02-24,14.43,"17","5","winter",0.6,0.83,12.21,"2",11.5331957622195
2014-02-23,11.94,"17","7","winter",0.66,0.76,12.33,"2",11.4804107632653
2012-02-26,12.67,"17","7","winter",0.28,0.74,12.36,"2",12.4442211160248
2014-02-15,5.79,"17","6","winter",0.35,0.69,12.38,"2",11.4904696152022
2012-02-23,16.98,"17","4","winter",0.5,0.84,12.38,"2",11.6221289532238
2014-02-11,4.06,"17","2","winter",0.41,0.76,12.39,"2",11.4526493140274
2013-02-07,2.42,"17","4","winter",0.39,0.71,12.49,"2",12.2380164108497
2014-02-03,4.59,"16","1","winter",0.47,0.79,12.5,"2",11.2800114828351
2013-02-01,5.33,"16","5","winter",0.49,0.85,12.5,"2",11.5806355520328
2012-02-08,-3.19,"17","3","winter",0.89,0.78,12.55,"2",15.1970534126113
2013-02-28,4.09,"17","4","winter",0.64,0.8,12.67,"2",11.9905610054208
2014-02-09,3.91,"17","7","winter",0.52,0.66,12.71,"2",12.202967430864
2012-02-14,5.84,"17","2","winter",0.57,0.76,12.73,"2",13.6531570791024
2014-02-16,7.88,"17","7","winter",0.13,0.76,12.78,"2",11.5821590267637
2012-02-25,12.11,"17","6","winter",0.51,0.67,12.83,"2",11.8060770159006
2013-02-05,2.38,"16","2","winter",0.48,0.73,12.84,"2",12.0102716505743
2012-02-03,-1.67,"16","5","winter",0.36,0.67,12.89,"2",14.5212743186603
2014-02-02,6.48,"16","7","winter",0.22,0.72,12.89,"2",12.0781643556832
2012-02-20,5.37,"17","1","winter",0.33,0.7,12.92,"2",13.3062665818302
2012-02-18,10.76,"17","6","winter",0.53,0.79,12.92,"2",12.9546422796748
2013-02-16,10.13,"17","6","winter",0.48,0.7,12.97,"2",11.5626674574922
2013-02-04,10.2,"16","1","winter",0.5,0.71,13,"2",11.6230153159526
2013-02-24,-2.08,"17","7","winter",0.86,0.71,13,"2",14.0142816025467
2014-02-26,11.29,"17","3","winter",0.26,0.73,13,"2",10.2029453223713
2014-02-24,14.23,"17","1","winter",0.5,0.74,13,"2",10.4114030845214
2013-02-22,-3.32,"17","5","winter",0.81,0.63,13.04,"2",12.8562318234756
2014-02-13,3.42,"17","4","winter",0.36,0.68,13.04,"2",11.2857367269835
2013-02-15,7.75,"17","5","winter",0.41,0.77,13.04,"2",11.552171169635
2012-02-02,-3.78,"16","4","winter",0.29,0.59,13.05,"2",14.3687993373355
2014-02-22,11.63,"17","6","winter",0.25,0.71,13.07,"2",10.7762421096284
2012-02-19,3.63,"17","7","winter",0.17,0.64,13.1,"2",13.7550365852304
2013-02-03,6.66,"16","7","winter",0.55,0.82,13.12,"2",13.305082923018
2012-02-15,10.61,"17","3","winter",0.59,0.73,13.13,"2",13.0541475835862
2013-02-06,2.56,"16","3","winter",0.61,0.75,13.23,"2",12.2536409541758
2013-02-21,-2.51,"17","4","winter",0.8,0.59,13.24,"2",12.5534853697696
2012-02-16,10.61,"17","4","winter",0.51,0.74,13.26,"2",12.5933233270123
2014-02-21,10.15,"17","5","winter",0.22,0.72,13.31,"2",10.5181264982014
2012-02-21,11.65,"17","2","winter",0.66,0.76,13.37,"2",12.6396915062745
2013-02-02,1.9,"16","6","winter",0.43,0.71,13.42,"2",12.359468647922
2013-03-08,9.04,"17","5","winter",0.83,0.96,1.93,"3",10.9301702281503
2013-03-07,7.99,"17","4","winter",0.68,0.93,2.78,"3",10.8894692678138
2012-03-02,8.23,"17","5","winter",0.66,0.91,2.9,"3",11.8473117035921
2012-03-15,16.79,"18","4","winter",0.32,0.82,3.2,"3",10.9699323366169
2013-03-23,-2.27,"18","6","spring",0.85,0.92,3.73,"3",13.4292708131623
2012-03-12,13.86,"18","1","winter",0.41,0.87,4.76,"3",10.9877274663839
2012-03-23,19.48,"18","5","spring",0.07,0.74,5.05,"3",10.1237569813717
2013-03-09,7.53,"17","6","winter",0.84,0.9,5.68,"3",11.5598780610794
2013-03-20,3.49,"18","3","winter",0.78,0.86,5.73,"3",11.6632140210701
2012-03-01,15.11,"17","4","winter",0.11,0.8,6.08,"3",11.2190129100939
2012-03-13,10.89,"18","2","winter",0.79,0.86,6.08,"3",10.9968856568607
2013-03-22,0.07,"18","5","spring",0.69,0.79,6.1,"3",12.0711726924908
2012-03-24,18.83,"18","6","spring",0.08,0.74,6.12,"3",10.2277729189235
2012-03-14,12.41,"18","3","winter",0.54,0.8,6.61,"3",10.9925132638776
2012-03-22,15.81,"18","4","spring",0.1,0.72,6.63,"3",10.2048129331294
2013-03-04,6.17,"17","1","winter",0.27,0.78,7.02,"3",11.4818590866446
2012-03-03,14.29,"17","6","winter",0.55,0.82,7.44,"3",12.2079225427746
2012-03-29,17.12,"18","4","spring",0.16,0.71,7.5,"3",9.34187804902439
2013-03-18,7.06,"18","1","winter",0.5,0.91,7.97,"3",11.8165725891348
2013-03-05,16.06,"17","2","winter",0.12,0.74,8.11,"3",10.8604805896228
2012-03-25,18.18,"18","7","spring",0.15,0.71,8.16,"3",10.6978578656854
2013-03-19,5.81,"18","2","winter",0.59,0.83,8.32,"3",11.3876267050719
2013-03-06,13.14,"17","3","winter",0.17,0.72,8.37,"3",10.6752483423473
2012-03-25,13.79,"18","7","spring",0.39,0.78,9,"3",10.6978578656854
2012-03-17,10.75,"18","6","winter",0.52,0.87,9.3,"3",11.8322221155769
2013-03-24,-2.86,"18","7","spring",0.83,0.78,9.37,"3",14.1915913964734
2012-03-16,7.32,"18","5","winter",0.89,0.76,9.4,"3",11.3096224577928
2013-03-03,5.04,"17","7","winter",0.58,0.8,10.12,"3",12.7359069840441
2013-03-01,3.28,"17","5","winter",0.83,0.78,10.27,"3",12.0484988962316
2012-03-04,7.01,"17","7","winter",0.65,0.9,10.36,"3",13.4635063580347
2013-03-14,5.17,"18","4","winter",0.27,0.67,10.54,"3",11.7860816737648
2012-03-11,15.55,"17","7","winter",0.38,0.81,10.59,"3",12.0489600033514
2013-03-21,2.57,"18","4","winter",0.61,0.75,10.8,"3",11.5047561338867
2013-03-11,-4.11,"17","1","winter",0.6,0.73,10.83,"3",13.1067729697477
2012-03-28,19.16,"18","3","spring",0.19,0.61,10.85,"3",9.53081514918567
2012-03-10,15.39,"17","6","winter",0.53,0.81,11.17,"3",11.9250324358919
2012-03-30,11.09,"18","5","spring",0.61,0.71,11.22,"3",9.34331788707317
2012-03-19,13.27,"18","1","winter",0.17,0.68,11.46,"3",11.0559449086835
2013-03-17,5.13,"18","7","winter",0.64,0.88,11.52,"3",12.5777825527296
2012-03-18,8.03,"18","7","winter",0.38,0.82,11.57,"3",12.1554413464423
2012-03-26,18.26,"18","1","spring",0.14,0.53,11.64,"3",9.98495594530341
2013-03-28,0.31,"18","4","spring",0.5,0.66,11.64,"3",12.0509543181247
2012-03-07,10.75,"17","3","winter",0.46,0.78,11.8,"3",12.757729392539
2013-03-16,3.91,"18","6","winter",0.69,0.85,12.13,"3",12.186486909458
2013-03-10,0.33,"17","7","winter",0.81,0.82,12.26,"3",12.8230727297735
2013-03-12,-0.56,"18","2","winter",0.54,0.63,12.34,"3",12.8522952649291
2013-03-15,4.56,"18","5","winter",0.65,0.81,12.36,"3",11.5908591707097
2012-03-06,7.22,"17","2","winter",0.55,0.78,12.55,"3",13.0291936920045
2012-03-21,15.62,"18","3","spring",0.47,0.67,12.6,"3",10.3803018700801
2012-03-27,21.14,"18","2","spring",0.1,0.49,12.62,"3",9.56769350731306
2013-03-31,1.64,"18","7","spring",0.4,0.68,12.67,"3",11.9327208888355
2013-03-31,1.29,"18","7","spring",0.57,0.64,12.68,"3",11.9327208888355
2013-03-25,-2.89,"18","1","spring",0.68,0.65,12.76,"3",13.1182948122023
2013-03-26,-2.29,"18","2","spring",0.69,0.65,12.81,"3",12.9165594512001
2012-03-31,12.88,"18","6","spring",0.25,0.61,12.83,"3",10.4233533220421
2013-03-27,-0.19,"18","3","spring",0.48,0.64,12.86,"3",12.4960441531868
2012-03-08,12.03,"17","4","winter",0.29,0.68,12.96,"3",12.0449306114537
2012-03-09,10.86,"17","5","winter",0.64,0.78,13.02,"3",12.1569891098039
2013-03-13,3.01,"18","3","winter",0.37,0.73,13.04,"3",12.119938075341
2012-03-20,14.48,"18","2","winter",0.34,0.72,13.05,"3",10.7309130871912
2013-03-02,3.13,"17","6","winter",0.66,0.72,13.05,"3",12.3088508924986
2012-03-05,5.56,"17","1","winter",0.48,0.64,13.07,"3",12.7162520024055
2013-03-30,1.53,"18","6","spring",0.66,0.69,13.1,"3",11.7919036962847
2013-03-29,1.71,"18","5","spring",0.59,0.63,13.45,"3",12.2315757362123
2013-04-09,10.59,"18","2","spring",0.61,0.79,4.44,"4",10.9003879231753
2013-04-10,11.3,"18","3","spring",0.69,0.9,6.07,"4",10.3913719418458
2013-04-08,6.01,"18","1","spring",0.7,0.83,6.66,"4",10.5934204491202
2012-04-12,12.02,"18","4","spring",0.45,0.77,8.8,"4",10.1153617465696
2012-04-27,10.03,"19","5","spring",0.74,0.92,9.06,"4",9.65954658007929
2012-04-30,17.24,"19","1","spring",0.61,0.84,9.29,"4",9.33754997640929
2012-04-04,6.47,"18","3","spring",0.7,0.76,9.64,"4",10.2503971160213
2013-04-24,22.08,"19","3","spring",0.27,0.72,10.17,"4",8.50609896036019
2012-04-28,14.89,"19","6","spring",0.7,0.86,10.28,"4",10.7189218314159
2012-04-13,11.62,"18","5","spring",0.47,0.72,10.62,"4",10.0172454382691
2012-04-18,8.05,"19","3","spring",0.67,0.91,10.7,"4",10.7933208024257
2013-04-03,-1.57,"18","3","spring",0.55,0.74,10.8,"4",11.9232258596374
2013-04-16,17.95,"19","2","spring",0.54,0.77,10.8,"4",9.22987664514932
2013-04-07,7.18,"18","7","spring",0.36,0.65,10.81,"4",11.1582951846481
2012-04-07,13.08,"18","6","spring",0.72,0.81,10.83,"4",10.3130231164802
2013-04-12,11.42,"18","5","spring",0.57,0.87,11.06,"4",10.3722930491566
2012-04-02,12.92,"18","1","spring",0.31,0.75,11.12,"4",9.92628863990536
2012-04-08,10.81,"18","7","spring",0.72,0.89,11.15,"4",10.6163328348507
2012-04-24,11.94,"19","2","spring",0.57,0.88,11.22,"4",10.0326027908213
2012-04-03,10.18,"18","2","spring",0.49,0.75,11.47,"4",10.1647025569326
2012-04-19,12.46,"19","4","spring",0.37,0.83,11.52,"4",10.6927654697702
2013-04-11,11.51,"18","4","spring",0.54,0.87,11.62,"4",10.5597506942169
2012-04-06,10.48,"18","5","spring",0.72,0.75,11.64,"4",10.5564769046945
2012-04-22,7.28,"19","7","spring",0.63,0.86,11.68,"4",10.6759580239365
2012-04-23,12.48,"19","1","spring",0.57,0.76,11.75,"4",10.2332989513514
2013-04-06,10.37,"18","6","spring",0.4,0.62,11.84,"4",11.0971770039067
2012-04-17,10.01,"19","2","spring",0.6,0.87,11.86,"4",10.6174434014384
2013-04-23,19.35,"19","2","spring",0.33,0.74,11.96,"4",8.66526337323551
2012-04-11,12.13,"18","3","spring",0.32,0.77,12.02,"4",10.0639800401996
2013-04-21,14.32,"19","7","spring",0.66,0.74,12.04,"4",9.99667631842984
2013-04-19,13.14,"19","5","spring",0.16,0.66,12.07,"4",9.44901226100687
2013-04-25,13.28,"19","4","spring",0.51,0.65,12.12,"4",8.28206681505197
2013-04-13,19.88,"18","6","spring",0.45,0.7,12.36,"4",10.531617352132
2012-04-01,15.04,"18","7","spring",0.24,0.63,12.46,"4",10.7465230768421
2013-04-27,11.59,"19","6","spring",0.27,0.64,12.49,"4",9.52584724036424
2013-04-22,20.25,"19","1","spring",0.46,0.68,12.5,"4",9.41152330447539
2012-04-25,13.89,"19","3","spring",0.56,0.77,12.5,"4",10.4972886333683
2013-04-15,16.55,"18","1","spring",0.4,0.7,12.52,"4",9.3196743918969
2012-04-16,13.77,"19","1","spring",0.42,0.71,12.55,"4",10.4448520683463
2013-04-30,16.32,"19","2","spring",0.26,0.62,12.7,"4",8.84434200802974
2012-04-20,12.45,"19","5","spring",0.35,0.73,12.76,"4",10.2849724452354
2012-04-15,10.94,"18","7","spring",0.37,0.59,12.78,"4",11.1263464632844
2013-04-20,14.12,"19","6","spring",0.28,0.64,12.79,"4",9.48570009257196
2013-04-17,14.11,"19","3","spring",0.35,0.64,12.81,"4",9.17927174876646
2012-04-26,14.84,"19","4","spring",0.49,0.77,12.92,"4",9.91272838890026
2013-04-14,15.43,"18","7","spring",0.42,0.72,12.96,"4",10.0442564420545
2013-04-01,3.74,"18","1","spring",0.2,0.57,13.02,"4",11.9824229419611
2013-04-05,8.53,"18","5","spring",0.23,0.63,13.02,"4",11.7314792668086
2012-04-05,12.28,"18","4","spring",0.35,0.65,13.05,"4",10.6452334067114
2013-04-04,3.68,"18","4","spring",0.63,0.61,13.08,"4",12.2019722473821
2013-04-02,-0.57,"18","2","spring",0.45,0.64,13.1,"4",11.2662517108933
2012-04-10,12.91,"18","2","spring",0.31,0.7,13.1,"4",9.91865182430657
2013-04-18,11.95,"19","4","spring",0.47,0.69,13.12,"4",9.25026850964928
2012-04-21,14.03,"19","6","spring",0.29,0.78,13.12,"4",10.2373611099773
2012-04-29,17.15,"19","7","spring",0.32,0.68,13.13,"4",11.5585434884521
2013-04-29,13.71,"19","1","spring",0.22,0.62,13.15,"4",9.06303884040141
2013-04-26,10.36,"19","5","spring",0.39,0.71,13.16,"4",8.77842514832838
2013-04-28,13.41,"19","7","spring",0.45,0.59,13.18,"4",10.0098241978257
2012-04-09,12.9,"18","1","spring",0.37,0.7,13.18,"4",10.6329381068606
2012-04-14,6.16,"18","6","spring",0.25,0.66,13.33,"4",10.2552783720294
2013-05-19,16.87,"19","7","spring",0.81,0.84,7.31,"5",9.23372603556509
2012-05-23,25.66,"19","3","spring",0.31,0.78,7.47,"5",8.03159892563414
2012-05-08,15.18,"19","2","spring",0.77,0.92,8.14,"5",9.21898375255889
2012-05-01,13.81,"19","2","spring",0.78,0.85,8.66,"5",9.20682369256198
2013-05-29,14.69,"20","3","spring",0.94,0.86,8.71,"5",9.11234303781262
2012-05-21,24.46,"19","1","spring",0.47,0.75,8.93,"5",8.81353391784933
2012-05-02,7.73,"19","3","spring",0.82,0.9,9.04,"5",9.28573214308036
2012-05-29,24.11,"20","2","spring",0.4,0.72,9.08,"5",8.00506552777933
2013-05-28,12.79,"20","2","spring",0.76,0.87,9.24,"5",8.9954750800448
2013-05-27,12.13,"20","1","spring",0.67,0.86,9.37,"5",8.55665845403136
2012-05-22,25.43,"19","2","spring",0.17,0.75,9.46,"5",8.22785083722983
2013-05-07,16.81,"19","2","spring",0.52,0.77,9.8,"5",8.30699609093616
2012-05-24,24.14,"20","4","spring",0.09,0.64,9.83,"5",7.96099559641809
2012-05-18,16.42,"19","5","spring",0.65,0.78,10.12,"5",8.92611295001623
2012-05-03,7.18,"19","4","spring",0.78,0.86,10.57,"5",10.0189359171752
2013-05-30,21.68,"20","4","spring",0.54,0.72,10.59,"5",9.05063902911298
2012-05-20,16.22,"19","7","spring",0.75,0.82,10.69,"5",9.7905447522859
2013-05-20,16.22,"19","1","spring",0.79,0.78,10.78,"5",9.01906286123858
2012-05-09,17.12,"19","3","spring",0.79,0.9,10.9,"5",9.48135499318542
2013-05-15,15.13,"19","3","spring",0.36,0.74,10.93,"5",9.25626653054572
2013-05-18,17.85,"19","6","spring",0.32,0.7,11.1,"5",9.15104978517621
2012-05-31,20.08,"20","4","spring",0.63,0.78,11.14,"5",8.06943102470011
2013-05-13,10.94,"19","1","spring",0.67,0.8,11.38,"5",8.81359064611515
2012-05-17,15.77,"19","4","spring",0.46,0.77,11.52,"5",8.81630717873122
2013-05-16,11.3,"19","4","spring",0.6,0.76,11.54,"5",8.83843895588071
2012-05-28,22.37,"20","1","spring",0.33,0.73,11.57,"5",8.10115292853894
2012-05-06,14.48,"19","7","spring",0.52,0.82,11.64,"5",10.6318134
2013-05-21,14.02,"19","2","spring",0.74,0.7,11.68,"5",8.76439910578143
2013-05-23,6.24,"19","4","spring",0.65,0.84,11.89,"5",8.90278416695295
2013-05-17,14.56,"19","5","spring",0.59,0.67,11.93,"5",9.22621335199552
2013-05-12,14.06,"19","7","spring",0.61,0.68,11.93,"5",9.80834829610728
2013-05-08,14.28,"19","3","spring",0.47,0.71,11.97,"5",8.50373096231614
2013-05-14,13.64,"19","2","spring",0.71,0.71,11.97,"5",9.29040938778171
2012-05-25,24.64,"20","5","spring",0,0.58,12.01,"5",7.96379895979203
2013-05-11,14.81,"19","6","spring",0.44,0.76,12.05,"5",9.27623966536313
2012-05-07,17.24,"19","1","spring",0.51,0.82,12.09,"5",10.5126464603646
2012-05-27,25.58,"20","7","spring",0.21,0.62,12.12,"5",8.43969314850317
2013-05-10,13.18,"19","5","spring",0.56,0.78,12.2,"5",8.60023035333333
2013-05-24,14.87,"20","5","spring",0.32,0.67,12.21,"5",9.55757398660198
2013-05-09,17.17,"19","4","spring",0.63,0.72,12.39,"5",8.7022052143203
2012-05-30,19.54,"20","3","spring",0.48,0.76,12.49,"5",7.96831507510373
2013-05-22,10.26,"19","3","spring",0.49,0.65,12.54,"5",8.82453115537314
2013-05-31,17.34,"20","5","spring",0.38,0.65,12.7,"5",8.43245865167071
2012-05-19,12.18,"19","6","spring",0.87,0.82,12.73,"5",9.00107697252818
2012-05-12,16.26,"19","6","spring",0.19,0.62,12.76,"5",9.15230502785847
2012-05-16,14.06,"19","3","spring",0.42,0.66,12.76,"5",8.09679030543142
2012-05-14,11.27,"19","1","spring",0.41,0.81,12.79,"5",9.18881962460318
2012-05-13,11.41,"19","7","spring",0.43,0.8,12.89,"5",9.49702122938547
2013-05-04,17.79,"19","6","spring",0.36,0.68,12.91,"5",8.86870556311186
2012-05-15,13.46,"19","2","spring",0.31,0.64,12.96,"5",9.45404663253857
2012-05-26,25.98,"20","6","spring",0.13,0.56,13.02,"5",8.12422372510798
2012-05-05,7.04,"19","6","spring",0.73,0.75,13.1,"5",10.2315460349173
2012-05-04,7.42,"19","5","spring",0.63,0.73,13.15,"5",9.99838708130881
2012-05-11,14.44,"19","5","spring",0.16,0.58,13.23,"5",8.72991557253283
2013-05-03,16.31,"19","5","spring",0.34,0.64,13.24,"5",8.3922208376186
2012-05-10,15.88,"19","4","spring",0.45,0.64,13.31,"5",9.19821925746326
2013-05-05,20.99,"19","7","spring",0.22,0.63,13.5,"5",8.80253695803389
2013-05-26,17.28,"20","7","spring",0.29,0.58,13.63,"5",8.58491657200448
2013-05-06,19.82,"19","1","spring",0.16,0.6,14.19,"5",8.64548966617017
2013-05-25,18.82,"20","6","spring",0.34,0.55,14.76,"5",8.91666168992349
2013-05-02,19.71,"19","4","spring",0.34,0.56,14.76,"5",8.55738646036824
2013-05-01,16.96,"19","3","spring",0.2,0.43,15.34,"5",8.79350297401487
2012-06-02,12.19,"20","6","spring",0.82,0.95,6.18,"6",8.44687436407378
2012-06-10,13.28,"20","7","spring",0.85,0.95,6.37,"6",9.117167904172
2013-06-19,20.2,"20","3","spring",0.47,0.81,6.71,"6",8.03208653348942
2012-06-01,17.54,"20","5","spring",0.71,0.81,9.29,"6",8.14602340616088
2013-06-18,25.56,"20","2","spring",0.31,0.76,9.82,"6",8.20618845934807
2012-06-20,19.08,"20","3","spring",0.59,0.84,9.83,"6",8.03548105199131
2013-06-20,20.38,"20","4","spring",0.55,0.81,10.03,"6",8.1996571750281
2013-06-27,20.25,"20","4","summer",0.93,0.87,10.35,"6",8.10337579638441
2013-06-10,16.96,"20","1","spring",0.61,0.83,10.46,"6",8.57619299859603
2013-06-17,20.37,"20","1","spring",0.4,0.78,10.81,"6",8.22452285453353
2012-06-03,13.89,"20","7","spring",0.56,0.79,10.86,"6",9.30320213946524
2013-06-11,17.01,"20","2","spring",0.93,0.86,10.86,"6",8.45881957720382
2012-06-06,17.29,"20","3","spring",0.6,0.86,11.15,"6",8.42571451266491
2012-06-04,15,"20","1","spring",0.51,0.82,11.3,"6",8.83711173493718
2013-06-21,17.54,"20","5","spring",0.67,0.81,11.33,"6",8.08216469876335
2012-06-09,17.22,"20","6","spring",0.4,0.78,11.46,"6",8.55402558917605
2012-06-11,12.87,"20","1","spring",0.8,0.83,11.81,"6",9.44455727455651
2012-06-05,18.13,"20","2","spring",0.52,0.82,11.86,"6",9.22631783055333
2013-06-12,17.59,"20","3","spring",0.78,0.75,11.94,"6",8.66690183529412
2012-06-07,15.17,"20","4","spring",0.68,0.78,12.05,"6",8.75159546561605
2012-06-23,19.88,"20","6","summer",0.54,0.77,12.12,"6",8.60954384238141
2013-06-26,19.23,"20","3","summer",0.54,0.69,12.13,"6",8.03627886081334
2013-06-14,16.27,"20","5","spring",0.42,0.74,12.18,"6",8.20428627614679
2012-06-14,17.59,"20","4","spring",0.47,0.78,12.31,"6",8.14549264410322
2012-06-19,21.16,"20","2","spring",0.32,0.64,12.33,"6",8.12038286493224
2013-06-08,14.17,"20","6","spring",0.89,0.72,12.38,"6",8.26964678339566
2013-06-22,16.51,"20","6","spring",0.7,0.76,12.38,"6",8.4132098159985
2013-06-07,17.06,"20","5","spring",0.36,0.69,12.44,"6",8.05955094284913
2012-06-26,22.78,"20","2","summer",0.57,0.82,12.44,"6",8.2293715651374
2012-06-17,18.87,"20","7","spring",0.43,0.73,12.49,"6",8.90575000117532
2013-06-09,14.56,"20","7","spring",0.95,0.68,12.55,"6",9.14705667833895
2012-06-12,17.51,"20","2","spring",0.32,0.67,12.6,"6",9.1583743100853
2012-06-13,18.08,"20","3","spring",0.35,0.71,12.6,"6",6.98976638256628
2013-06-15,17.34,"20","6","spring",0.42,0.71,12.62,"6",8.65216560547021
2013-06-29,25.17,"20","6","summer",0.32,0.67,12.7,"6",8.10806280560555
2013-06-30,19.78,"20","7","summer",0.44,0.63,12.73,"6",8.46244179996251
2012-06-27,28.64,"20","3","summer",0.31,0.75,12.79,"6",8.25614630069212
2012-06-25,22.92,"20","1","summer",0.56,0.69,12.83,"6",8.26851710176991
2012-06-18,20.35,"20","1","spring",0.31,0.68,12.84,"6",8.32665216317453
2013-06-23,16.1,"20","7","summer",0.52,0.66,12.89,"6",9.00841087190253
2012-06-29,20.13,"20","5","summer",0.48,0.71,12.92,"6",8.20298928261491
2012-06-21,17.53,"20","4","spring",0.54,0.78,12.92,"6",8.40507731252409
2012-06-28,20.96,"20","4","summer",0.44,0.75,13.04,"6",8.13416237460658
2013-06-13,18.81,"20","4","spring",0.45,0.69,13.05,"6",8.54384331740921
2012-06-08,17.92,"20","5","spring",0.38,0.61,13.12,"6",8.8071708318217
2012-06-15,17.47,"20","5","spring",0.57,0.72,13.13,"6",7.22760056202661
2012-06-24,21.15,"20","7","summer",0.36,0.7,13.18,"6",8.99321729674173
2012-06-30,17.88,"20","6","summer",0.31,0.7,13.2,"6",8.17816464775481
2013-06-28,21.19,"20","5","summer",0.35,0.61,13.23,"6",8.29101761577961
2012-06-22,18.12,"20","5","summer",0.33,0.71,13.23,"6",8.44999326816543
2013-06-02,18.66,"20","7","spring",0.26,0.66,13.28,"6",8.73745320429666
2013-06-04,19.64,"20","2","spring",0.56,0.71,13.31,"6",8.01897889462084
2012-06-16,19.44,"20","6","spring",0.48,0.67,13.33,"6",7.797470794808
2013-06-05,20.88,"20","3","spring",0.23,0.68,13.34,"6",8.0122647113768
2013-06-01,18.83,"20","6","spring",0.27,0.59,13.42,"6",8.47592064981329
2013-06-25,20.61,"20","2","summer",0.42,0.64,13.53,"6",8.02718950264292
2013-06-24,18.76,"20","1","summer",0.42,0.57,14.24,"6",8.41985955366585
2013-06-06,19.64,"20","4","spring",0.38,0.66,14.39,"6",7.96687892296338
2013-06-03,20.07,"20","1","spring",0.27,0.6,14.65,"6",8.11301942072829
2013-06-16,20.4,"20","7","spring",0.5,0.66,15.08,"6",8.82588218790036
2012-07-26,23.79,"19","4","summer",0.36,0.75,9.75,"7",7.91468598590095
2012-07-07,18.77,"20","6","summer",0.55,0.89,10.94,"7",8.4453850612709
2013-07-06,27.28,"20","6","summer",0.12,0.66,10.98,"7",7.99750949821328
2012-07-03,21.44,"20","2","summer",0.66,0.85,11.02,"7",8.32674159614846
2013-07-29,21.02,"19","1","summer",0.49,0.86,11.12,"7",7.9075539192068
2012-07-06,18.65,"20","5","summer",0.54,0.81,11.28,"7",8.19772680121622
2012-07-08,18,"20","7","summer",0.61,0.85,11.28,"7",9.07939085828317
2013-07-21,32.16,"20","7","summer",0.28,0.63,11.3,"7",8.19377346364493
2012-07-31,22.57,"19","2","summer",0.41,0.79,11.3,"7",8.20502271745898
2012-07-02,18.81,"20","1","summer",0.78,0.9,11.54,"7",8.57434107323481
2012-07-30,20.19,"19","1","summer",0.53,0.84,11.57,"7",8.08181234275484
2013-07-20,26.07,"20","6","summer",0.51,0.71,11.64,"7",8.01356375908834
2012-07-25,26.44,"19","3","summer",0.12,0.61,11.7,"7",7.99986409557522
2013-07-27,23.14,"19","6","summer",0.44,0.73,11.72,"7",8.07355880734378
2013-07-02,19.69,"20","2","summer",0.83,0.79,11.86,"7",8.24803391971514
2012-07-05,18.7,"20","4","summer",0.39,0.82,11.89,"7",8.08792295271389
2012-07-13,16.44,"20","5","summer",0.63,0.88,11.91,"7",8.22849077287381
2013-07-03,22.89,"20","3","summer",0.44,0.76,11.93,"7",8.19504650277517
2013-07-26,27.37,"19","5","summer",0.26,0.68,11.96,"7",7.79169643258448
2012-07-14,18.26,"20","6","summer",0.39,0.69,11.97,"7",8.59546066300359
2013-07-30,23.77,"19","2","summer",0.55,0.8,11.97,"7",7.99981715081224
2012-07-01,17.58,"20","7","summer",0.56,0.83,11.97,"7",8.68717965860266
2013-07-22,28,"20","1","summer",0.37,0.74,12.1,"7",8.17883886064832
2013-07-24,25.13,"20","3","summer",0.45,0.74,12.1,"7",7.87971320716981
2012-07-19,17.77,"20","4","summer",0.54,0.79,12.18,"7",8.12779020622626
2012-07-09,17.46,"20","1","summer",0.55,0.84,12.18,"7",8.49631924163364
2012-07-15,17.15,"20","7","summer",0.68,0.85,12.21,"7",8.63847563729171
2012-07-12,19.26,"20","4","summer",0.58,0.83,12.26,"7",8.24025363211538
2013-07-28,22.36,"19","7","summer",0.55,0.75,12.3,"7",8.19185876185801
2012-07-24,29.37,"20","2","summer",0.2,0.57,12.31,"7",7.91489272931507
2012-07-23,28.32,"20","1","summer",0.02,0.58,12.31,"7",7.99294122635349
2012-07-11,18.67,"20","3","summer",0.5,0.8,12.34,"7",8.21289626881605
2013-07-19,22.49,"20","5","summer",0.51,0.74,12.42,"7",7.8767767942362
2012-07-17,18.52,"20","2","summer",0.72,0.85,12.47,"7",8.14688248964135
2013-07-13,27.83,"20","6","summer",0.27,0.61,12.5,"7",7.9428796842026
2012-07-20,19.89,"20","5","summer",0.36,0.7,12.5,"7",8.23411085412013
2012-07-21,22.86,"20","6","summer",0.22,0.66,12.6,"7",8.1380082199157
2013-07-12,29.24,"20","5","summer",0.11,0.67,12.65,"7",7.81593541751083
2012-07-22,27.18,"20","7","summer",0.19,0.58,12.71,"7",8.24220885079031
2012-07-04,22.33,"20","3","summer",0.48,0.71,12.73,"7",8.22653003493522
2012-07-16,22.48,"20","1","summer",0.55,0.77,12.81,"7",8.57282552721519
2013-07-05,26.47,"20","5","summer",0.12,0.63,12.89,"7",7.97027959417512
2013-07-23,26.24,"20","2","summer",0.34,0.67,12.89,"7",8.22195739049774
2012-07-29,19.69,"19","7","summer",0.31,0.65,12.92,"7",8.56678601442713
2012-07-18,20.18,"20","3","summer",0.48,0.73,12.96,"7",8.26354165777262
2012-07-28,17.92,"19","6","summer",0.3,0.75,12.97,"7",8.0945854212766
2012-07-10,18.75,"20","2","summer",0.48,0.79,13,"7",8.3346625269281
2013-07-01,17.5,"20","1","summer",0.6,0.72,13.13,"7",8.11550984061856
2013-07-04,24.62,"20","4","summer",0.29,0.65,13.18,"7",8.01432251371482
2013-07-25,26.19,"19","4","summer",0.37,0.62,13.2,"7",7.9739420857574
2012-07-27,21.09,"19","5","summer",0.44,0.55,13.26,"7",8.22438289806234
2013-07-09,23.19,"20","2","summer",0.22,0.64,13.39,"7",7.8650527002635
2013-07-07,25.18,"20","7","summer",0.14,0.65,13.5,"7",8.33993133843115
2013-07-11,23.92,"20","4","summer",0.39,0.7,13.73,"7",7.77092362678706
2013-07-10,21.69,"20","3","summer",0.37,0.64,13.94,"7",7.84724430656879
2013-07-17,27.56,"20","3","summer",0.18,0.6,14.02,"7",8.07288736129215
2013-07-31,32.42,"19","3","summer",0.2,0.65,14.08,"7",7.95977635117114
2013-07-16,30.28,"20","2","summer",0.23,0.54,14.52,"7",8.02342824879473
2013-07-14,29.3,"20","7","summer",0.4,0.45,14.66,"7",8.32997890363534
2013-07-08,25.61,"20","1","summer",0.13,0.57,14.68,"7",7.96851749430023
2013-07-15,29.2,"20","1","summer",0.46,0.56,14.87,"7",8.0665576486624
2013-07-18,27.27,"20","4","summer",0.18,0.57,15.16,"7",8.00012283381688
2013-08-23,19.59,"19","5","summer",0.56,0.9,5.58,"8",7.82022996293547
2013-08-22,26.03,"19","4","summer",0.11,0.75,9.96,"8",8.04384343562607
2013-08-24,22.74,"19","6","summer",0.5,0.83,10.07,"8",8.26301637672824
2013-08-14,23.46,"19","3","summer",0.55,0.79,10.88,"8",7.71056052237166
2013-08-16,20.22,"19","5","summer",0.57,0.82,11.1,"8",7.85564854084881
2012-08-11,25.13,"19","6","summer",0.24,0.7,11.18,"8",8.02954915983193
2013-08-25,24.32,"19","7","summer",0.38,0.69,11.27,"8",8.11769853416492
2013-08-26,22.78,"19","1","summer",0.23,0.69,11.3,"8",8.0020666664
2013-08-21,21.34,"19","3","summer",0.36,0.9,11.3,"8",7.68057386971136
2012-08-07,22.8,"19","2","summer",0.54,0.77,11.43,"8",8.21325960980886
2012-08-08,25.92,"19","3","summer",0.27,0.69,11.47,"8",8.00354526408318
2013-08-27,23.38,"18","2","summer",0.37,0.69,11.52,"8",7.8898722145877
2013-08-28,23.19,"18","3","summer",0.31,0.56,11.65,"8",7.81040460799695
2012-08-09,24.99,"19","4","summer",0.23,0.7,11.7,"8",7.97107120375971
2012-08-13,23.97,"19","1","summer",0.44,0.75,11.8,"8",8.08390716229784
2013-08-15,21.73,"19","4","summer",0.51,0.84,11.81,"8",7.80067436961546
2012-08-28,19.69,"18","2","summer",0.36,0.85,11.84,"8",8.04810268763125
2012-08-14,22.79,"19","2","summer",0.26,0.77,11.96,"8",7.88800042108801
2012-08-10,22.91,"19","5","summer",0.24,0.67,11.97,"8",7.96711176451681
2012-08-04,20.69,"19","6","summer",0.34,0.79,11.99,"8",8.15483637878597
2012-08-12,22.68,"19","7","summer",0.42,0.79,12.04,"8",8.40144180659664
2013-08-13,22.04,"19","2","summer",0.39,0.78,12.23,"8",7.73623005559977
2012-08-18,29.5,"19","6","summer",0.21,0.72,12.28,"8",8.01485017856693
2012-08-24,20.93,"19","5","summer",0.52,0.88,12.3,"8",7.89937266407726
2012-08-29,16.92,"18","3","summer",0.4,0.8,12.33,"8",8.29493091182276
2012-08-23,20.27,"19","4","summer",0.44,0.76,12.34,"8",7.82350346340542
2013-08-08,23.85,"19","4","summer",0.48,0.67,12.42,"8",7.66710662914773
2012-08-26,20.99,"18","7","summer",0.32,0.75,12.46,"8",8.10064944440244
2012-08-19,24.54,"19","7","summer",0.34,0.75,12.5,"8",8.41062870281572
2012-08-20,22.09,"19","1","summer",0.34,0.75,12.52,"8",8.14300483455233
2013-08-04,22.72,"19","7","summer",0.54,0.76,12.59,"8",8.07318350382142
2012-08-02,21.77,"19","4","summer",0.33,0.73,12.63,"8",7.96554281449611
2012-08-01,21.29,"19","3","summer",0.45,0.74,12.63,"8",8.06490363972228
2012-08-27,22.5,"18","1","summer",0.39,0.75,12.63,"8",8.3152787226423
2013-08-03,22.98,"19","6","summer",0.43,0.7,12.67,"8",7.74115223093797
2013-08-01,24.68,"19","4","summer",0.42,0.71,12.67,"8",7.91322415390285
2013-08-02,23.17,"19","5","summer",0.34,0.71,12.71,"8",7.98315031223294
2013-08-17,22.42,"19","6","summer",0.57,0.73,12.76,"8",8.00789620481974
2013-08-29,24.03,"18","4","summer",0.31,0.64,12.78,"8",7.747788270754
2012-08-05,20.95,"19","7","summer",0.41,0.77,12.78,"8",8.66672773168067
2012-08-22,22.04,"19","3","summer",0.37,0.7,12.83,"8",7.8457140456435
2012-08-15,21.67,"19","3","summer",0.42,0.71,12.84,"8",8.09452720029406
2012-08-17,30.6,"19","5","summer",0.23,0.59,12.87,"8",7.77314537844538
2012-08-21,21.48,"19","2","summer",0.34,0.72,12.87,"8",7.94275446311699
2012-08-03,21.04,"19","5","summer",0.41,0.77,12.89,"8",7.99590422186515
2012-08-06,19.32,"19","1","summer",0.46,0.78,12.89,"8",8.26740390537702
2012-08-30,17.72,"18","4","summer",0.33,0.6,13.02,"8",8.33731253847931
2012-08-16,27.23,"19","4","summer",0.45,0.63,13.08,"8",7.9581808817437
2012-08-31,20.53,"18","5","summer",0.55,0.72,13.15,"8",8.09845590134397
2012-08-25,21.01,"19","6","summer",0.51,0.69,13.2,"8",8.12416799636707
2013-08-06,21.49,"19","2","summer",0.37,0.64,13.49,"8",7.71401116355724
2013-08-12,19.8,"19","1","summer",0.43,0.69,13.5,"8",7.78243539261084
2013-08-07,23.81,"19","3","summer",0.3,0.63,13.52,"8",7.63305358805151
2013-08-05,22.11,"19","1","summer",0.41,0.68,13.53,"8",8.00088371985252
2013-08-30,19.87,"18","5","summer",0.12,0.6,13.86,"8",7.85504988570069
2013-08-10,22.76,"19","6","summer",0.45,0.62,13.97,"8",7.7033080859307
2013-08-11,20.39,"19","7","summer",0.41,0.61,14.11,"8",8.01772023505584
2013-08-18,22.02,"19","7","summer",0.27,0.59,14.13,"8",8.20290707031547
2013-08-09,21.73,"19","5","summer",0.49,0.57,14.42,"8",7.69374488659091
2013-08-31,21.07,"18","6","summer",0.33,0.63,14.79,"8",7.9242992379619
2013-08-20,25.57,"19","2","summer",0.38,0.64,14.9,"8",7.66068129101614
2013-08-19,23.53,"19","1","summer",0.37,0.6,15.13,"8",7.80935943712222
2013-09-24,20.87,"17","2","autumn",0.36,0.86,3.75,"9",8.51779425342912
2013-09-23,21.47,"17","1","summer",0.17,0.89,4.39,"9",8.81850565127419
2013-09-12,18.3,"18","4","summer",1,0.95,5.91,"9",8.56575233891541
2012-09-23,15.2,"17","7","autumn",0.66,0.88,8.1,"9",10.48501289071
2013-09-04,28.59,"18","3","summer",0.12,0.71,9.08,"9",8.0301706984759
2013-09-30,17.28,"17","1","autumn",0.54,0.82,9.11,"9",8.84567420331545
2013-09-11,18.02,"18","3","summer",0.72,0.87,9.24,"9",8.83915397771418
2013-09-22,19.64,"17","7","summer",0.52,0.89,9.43,"9",9.5127087561027
2013-09-13,13.85,"18","5","summer",0.69,0.89,9.64,"9",8.82940404737445
2013-09-27,18.36,"17","5","autumn",0.17,0.81,9.78,"9",8.52626457043712
2013-09-14,15.36,"18","6","summer",0.41,0.86,9.93,"9",9.29198262381134
2013-09-25,18.88,"17","3","autumn",0.51,0.79,10.07,"9",8.55819578480843
2013-09-08,10.63,"18","7","summer",0.03,0.88,10.3,"9",8.84021521130385
2012-09-02,24.34,"18","7","summer",0.5,0.72,10.48,"9",9.00151469930701
2013-09-21,18.89,"18","6","summer",0.69,0.9,10.57,"9",9.04583946362069
2012-09-22,12.31,"17","6","summer",0.48,0.86,10.62,"9",8.99276145630115
2013-09-20,18.24,"18","5","summer",0.56,0.87,10.83,"9",8.80031623223583
2013-09-05,18.32,"18","4","summer",0.39,0.81,11.17,"9",8.07103010649771
2013-09-17,15.18,"18","2","summer",0.61,0.78,11.18,"9",9.24242909053899
2013-09-03,27.31,"18","2","summer",0.1,0.75,11.2,"9",8.02121443505999
2012-09-03,24.79,"18","1","summer",0.42,0.77,11.41,"9",8.36425897855493
2012-09-26,16.61,"17","3","autumn",0.48,0.82,11.41,"9",9.34498083536413
2012-09-30,16.24,"17","7","autumn",0.61,0.89,11.43,"9",10.1497844155844
2013-09-16,13.7,"18","1","summer",0.61,0.84,11.44,"9",8.95260099350277
2013-09-09,16.65,"18","1","summer",0.64,0.77,11.54,"9",8.78897464238322
2013-09-10,16.49,"18","2","summer",0.75,0.77,11.72,"9",8.71835151607858
2012-09-06,25.76,"18","4","summer",0.18,0.63,11.75,"9",8.07335405306594
2013-09-18,15.86,"18","3","summer",0.49,0.84,11.99,"9",8.87898643248615
2012-09-01,18.37,"18","6","summer",0.56,0.87,12.07,"9",8.3001495484142
2012-09-08,27.78,"18","6","summer",0.22,0.67,12.2,"9",8.23576343329135
2013-09-28,17.36,"17","6","autumn",0.45,0.79,12.25,"9",8.99635102544549
2012-09-07,27.12,"18","5","summer",0.14,0.62,12.36,"9",8.03635264479429
2012-09-05,20.76,"18","3","summer",0.46,0.67,12.41,"9",8.15701951741868
2012-09-25,15.14,"17","2","autumn",0.39,0.88,12.44,"9",9.22081783264438
2012-09-04,19.97,"18","2","summer",0.27,0.6,12.5,"9",8.33847197134159
2013-09-19,18.41,"18","4","summer",0.51,0.75,12.5,"9",9.1169680372823
2012-09-20,16.32,"18","4","summer",0.43,0.76,12.54,"9",8.63660123165128
2012-09-15,18.31,"18","6","summer",0.66,0.76,12.55,"9",8.40120266625703
2013-09-07,16.86,"18","6","summer",0.37,0.8,12.57,"9",8.3138346673913
2013-09-06,17.7,"18","5","summer",0.26,0.75,12.6,"9",8.30136296006103
2013-09-29,18.81,"17","7","autumn",0.37,0.79,12.6,"9",9.4408526540525
2012-09-09,20.21,"18","7","summer",0.59,0.78,12.65,"9",8.59237510510076
2013-09-02,23.92,"18","1","summer",0.33,0.76,12.67,"9",8.02530032348124
2012-09-27,17.07,"17","4","autumn",0.39,0.85,12.84,"9",9.25459839417671
2012-09-14,21.12,"18","5","summer",0.22,0.7,12.92,"9",8.29216829797959
2012-09-12,17.64,"18","3","summer",0.37,0.68,12.96,"9",8.27887156851037
2012-09-21,15.62,"18","5","summer",0.28,0.69,12.97,"9",8.80640323234452
2012-09-18,16.3,"18","2","summer",0.27,0.63,12.99,"9",8.48585667139616
2012-09-19,17.38,"18","3","summer",0.45,0.7,13,"9",8.54859403382716
2012-09-17,17.19,"18","1","summer",0.28,0.64,13.02,"9",8.56541200855072
2012-09-16,18.72,"18","7","summer",0.55,0.71,13.07,"9",9.01801874275302
2012-09-24,15.47,"17","1","autumn",0.28,0.78,13.13,"9",9.62013563396954
2012-09-29,16.46,"17","6","autumn",0.48,0.81,13.15,"9",9.38299500593288
2012-09-11,17.92,"18","2","summer",0.34,0.72,13.16,"9",8.2373150043022
2012-09-10,17.82,"18","1","summer",0.37,0.62,13.18,"9",8.51159005035684
2012-09-28,15.83,"17","5","autumn",0.17,0.75,13.21,"9",9.254501698002
2012-09-13,20.69,"18","4","summer",0.56,0.68,13.31,"9",8.23255736681296
2013-09-26,16.99,"17","4","autumn",0.36,0.8,13.39,"9",8.49393429055556
2013-09-15,14.08,"18","7","summer",0.31,0.67,13.55,"9",9.88995758458158
2013-09-01,24.94,"18","7","summer",0.33,0.7,14.03,"9",8.41948351945132
2012-10-21,14.79,"16","7","autumn",0.9,0.98,1.48,"10",10.9519319698141
2012-10-22,14.05,"16","1","autumn",0.88,0.96,1.82,"10",10.2236387820314
2012-10-23,16.18,"16","2","autumn",0.74,0.92,2.45,"10",10.0804348464804
2013-10-02,18.68,"17","3","autumn",0.43,0.93,7.03,"10",8.92958875396277
2013-10-15,14.87,"17","2","autumn",0.44,0.91,7.15,"10",9.64234974045376
2012-10-07,12.22,"17","7","autumn",0.61,0.92,7.84,"10",10.21282835372
2013-10-01,19.1,"17","2","autumn",0.59,0.87,7.87,"10",8.91894433675624
2012-10-24,13.61,"16","3","autumn",0.81,0.91,7.9,"10",9.78420370344701
2012-10-19,14.01,"16","5","autumn",0.61,0.91,8.01,"10",10.1550247312942
2012-10-18,13.21,"17","4","autumn",0.66,0.95,8.42,"10",9.61126757649589
2012-10-10,14.99,"17","3","autumn",0.71,0.89,8.69,"10",9.63637158359646
2013-10-06,18.57,"17","7","autumn",0.47,0.87,8.71,"10",9.37681194638878
2013-10-17,17.16,"17","4","autumn",0.49,0.91,8.75,"10",9.47103368658325
2012-10-20,12.41,"16","6","autumn",0.69,0.94,9.22,"10",10.1418403647463
2013-10-14,12.58,"17","1","autumn",0.45,0.88,9.27,"10",10.0308578288761
2013-10-12,11.47,"17","6","autumn",0.58,0.92,9.38,"10",9.59702380887097
2013-10-13,11.34,"17","7","autumn",0.66,0.91,9.69,"10",10.9675072976373
2012-10-06,13.64,"17","6","autumn",0.25,0.87,9.98,"10",9.57075800873047
2012-10-04,15.65,"17","4","autumn",0.61,0.86,10.11,"10",9.34351764151313
2012-10-08,14.23,"17","1","autumn",0.58,0.82,10.12,"10",10.1282461222653
2013-10-10,13.16,"17","4","autumn",0.77,0.86,10.25,"10",9.29505780576148
2013-10-07,19.62,"17","1","autumn",0.55,0.85,10.3,"10",8.94882155080676
2013-10-11,14.17,"17","5","autumn",0.43,0.83,10.62,"10",9.8737308507775
2013-10-24,18.47,"16","4","autumn",0.47,0.86,10.91,"10",9.2018483147642
2012-10-05,14.89,"17","5","autumn",0.4,0.83,11.06,"10",9.56259996175493
2013-10-05,19.19,"17","6","autumn",0.41,0.82,11.14,"10",9.15231432281106
2013-10-26,15.87,"16","6","autumn",0.32,0.81,11.18,"10",9.61582056214863
2013-10-28,16.08,"16","1","autumn",0.49,0.81,11.2,"10",9.8814403397806
2012-10-30,10.92,"16","2","autumn",0.45,0.84,11.25,"10",10.8085337927885
2013-10-20,17.53,"16","7","autumn",0.53,0.87,11.25,"10",10.1657353230606
2013-10-25,16.66,"16","5","autumn",0.49,0.85,11.31,"10",9.18184058475164
2013-10-18,17.52,"17","5","autumn",0.52,0.91,11.31,"10",9.360215124264
2013-10-31,13.11,"16","4","autumn",0.74,0.89,11.36,"10",9.97030379497207
2013-10-19,17.04,"16","6","autumn",0.42,0.89,11.57,"10",9.62103694427554
2013-10-21,18.04,"16","1","autumn",0.44,0.86,11.67,"10",9.47261790161694
2013-10-03,20.84,"17","4","autumn",0.62,0.87,11.68,"10",8.8808794390862
2012-10-13,12.32,"17","6","autumn",0.2,0.8,11.86,"10",10.0973906103592
2013-10-04,17.94,"17","5","autumn",0.49,0.87,11.91,"10",8.70288308711845
2013-10-23,16.91,"16","3","autumn",0.36,0.86,12.05,"10",9.17752810922218
2012-10-14,13.03,"17","7","autumn",0.31,0.84,12.17,"10",10.7456926434898
2012-10-16,16.6,"17","2","autumn",0.42,0.82,12.2,"10",9.87523371759487
2012-10-25,10.11,"16","4","autumn",0.7,0.79,12.33,"10",10.0616857553529
2013-10-16,17.29,"17","3","autumn",0.26,0.84,12.36,"10",9.9731177152337
2013-10-09,11.82,"17","3","autumn",0.45,0.68,12.41,"10",8.94084204544581
2013-10-22,16.53,"16","2","autumn",0.34,0.8,12.42,"10",9.31166147028483
2013-10-08,16.48,"17","2","autumn",0.55,0.76,12.46,"10",8.76896484119116
2012-10-29,12.4,"16","1","autumn",0.45,0.89,12.49,"10",11.005619020471
2012-10-01,16.44,"17","1","autumn",0.39,0.85,12.55,"10",9.59029503021869
2012-10-15,14.74,"17","1","autumn",0.39,0.74,12.59,"10",10.2020812658837
2012-10-28,6.89,"16","7","autumn",0.419161290322581,0.882916666666667,12.6529166666667,"10",12.0645978260145
2013-10-27,6.89,"16","7","autumn",0.419161290322581,0.882916666666667,12.6529166666667,"10",10.1673871770312
2012-10-27,6.89,"16","6","autumn",0.42,0.88,12.68,"10",11.2994297103261
2012-10-03,14.99,"17","3","autumn",0.28,0.79,12.79,"10",9.39512822123894
2012-10-12,11.53,"17","5","autumn",0.29,0.84,12.94,"10",9.61199562837324
2012-10-31,12.36,"16","3","autumn",0.49,0.79,12.99,"10",10.8264622206197
2012-10-02,14.34,"17","2","autumn",0.36,0.8,12.99,"10",9.40385959630727
2012-10-11,14.73,"17","4","autumn",0.48,0.75,13.07,"10",10.0057077271041
2012-10-26,3.78,"16","5","autumn",0.39,0.79,13.07,"10",10.6630710140942
2012-10-09,14.13,"17","2","autumn",0.56,0.74,13.21,"10",9.64186838981088
2012-10-17,16.04,"17","3","autumn",0.44,0.85,13.23,"10",9.77540481074986
2013-10-30,13.57,"16","3","autumn",0.33,0.8,13.36,"10",9.92981667575583
2013-10-29,12.38,"16","2","autumn",0.25,0.77,13.66,"10",9.91441066565268
2012-11-16,7.75,"16","5","autumn",0.9,0.92,3.48,"11",11.2775345388065
2012-11-15,9.07,"16","4","autumn",0.71,0.92,4.06,"11",10.9394820950814
2013-11-18,8.54,"16","1","autumn",0.98,0.92,5.39,"11",11.044271902528
2012-11-24,7.11,"16","6","autumn",0.58,0.97,5.7,"11",12.0949148140351
2013-11-28,9.38,"15","4","autumn",0.96,0.87,6.34,"11",11.0534845068603
2013-11-17,9.57,"16","7","autumn",1,0.87,6.41,"11",11.8816185322394
2013-11-27,10.32,"15","3","autumn",0.88,0.89,6.76,"11",11.2999243954014
2013-11-11,12.63,"16","1","autumn",0.65,0.91,7.81,"11",11.0079090206631
2011-11-23,10.36,"16","3","autumn",0.36,0.93,8.06,"11",6.95269231538462
2012-11-05,7.08,"16","1","autumn",0.41,0.83,9.08,"11",11.3905215588406
2012-11-14,12.62,"16","3","autumn",0.55,0.86,9.21,"11",10.6868372477758
2012-11-17,12.44,"16","6","autumn",0.65,0.88,9.32,"11",11.4896696799855
2013-11-02,15.08,"16","6","autumn",0.43,0.82,9.46,"11",9.97770980213749
2013-11-16,8.36,"16","6","autumn",0.35,0.87,9.66,"11",11.2957998828638
2012-11-27,6.07,"15","2","autumn",0.72,0.9,9.69,"11",11.6814518979566
2013-11-12,13.11,"16","2","autumn",0.56,0.85,9.91,"11",10.4047125775656
2012-11-04,7.03,"16","7","autumn",0.59,0.92,9.99,"11",12.6180360440862
2012-11-30,2.52,"15","5","autumn",0.25,0.88,10.01,"11",12.3005726941049
2012-11-12,12.18,"16","1","autumn",0.5,0.92,10.04,"11",11.402977572382
2013-11-06,14.87,"16","3","autumn",0.62,0.88,10.19,"11",10.4785114663519
2012-11-11,8.39,"16","7","autumn",0.22,0.88,10.32,"11",12.0249497089544
2012-11-06,7.17,"16","2","autumn",0.33,0.87,10.41,"11",11.5324599924873
2011-11-24,12.93,"16","4","autumn",0.41,0.89,10.64,"11",8.536479996
2012-11-21,11.87,"16","3","autumn",0.45,0.91,10.65,"11",11.3239184742589
2012-11-20,13.46,"16","2","autumn",0.76,0.9,10.81,"11",11.1047924795011
2013-11-29,10.18,"15","5","autumn",0.62,0.77,11.02,"11",10.9968387901754
2013-11-04,8.24,"16","1","autumn",0.29,0.82,11.14,"11",10.3219179197881
2013-11-23,4.72,"16","6","autumn",0.46,0.82,11.2,"11",11.7709559905196
2012-11-26,10.69,"16","1","autumn",0.64,0.91,11.31,"11",11.5082332729837
2013-11-09,7.04,"16","6","autumn",0.41,0.9,11.43,"11",11.3069205703875
2012-11-23,10.7,"16","5","autumn",0.38,0.89,11.46,"11",11.0147053721469
2012-11-13,14.66,"16","2","autumn",0.54,0.88,11.49,"11",10.704661240586
2013-11-01,13.97,"16","5","autumn",0.55,0.89,11.57,"11",9.82178135166635
2013-11-24,5.55,"16","7","autumn",0.77,0.78,11.78,"11",12.4271839249708
2012-11-10,10.31,"16","6","autumn",0.49,0.91,11.78,"11",11.421789797775
2011-11-28,12.58,"15","1","autumn",0.56,0.86,11.84,"11",9.10338181454545
2013-11-21,4.39,"16","4","autumn",0.48,0.78,11.96,"11",11.6342867118559
2013-11-03,11.43,"16","7","autumn",0.22,0.74,11.99,"11",11.0441856336607
2013-11-05,12.39,"16","2","autumn",0.56,0.83,12.1,"11",10.7103691212028
2013-11-08,11,"16","5","autumn",0.5,0.9,12.1,"11",10.5311736437584
2013-11-25,4.63,"16","1","autumn",0.73,0.77,12.17,"11",11.5675416503893
2013-11-20,3.21,"16","3","autumn",0.52,0.85,12.18,"11",11.8338616216373
2013-11-22,4.74,"16","5","autumn",0.27,0.76,12.36,"11",11.5099810085465
2012-11-25,12.54,"16","7","autumn",0.54,0.81,12.36,"11",12.1858061844874
2011-11-25,13.03,"16","5","autumn",0.48,0.79,12.38,"11",9.499781246875
2012-11-19,11.23,"16","1","autumn",0.5,0.82,12.38,"11",11.40628127171
2013-11-30,6.01,"15","6","autumn",0.5,0.73,12.46,"11",11.530147006668
2012-11-01,11.46,"16","4","autumn",0.44,0.85,12.54,"11",10.7816885860688
2012-11-18,9.42,"16","7","autumn",0.3,0.82,12.57,"11",12.0827298857892
2011-11-29,13.47,"15","2","autumn",0.6,0.82,12.57,"11",9.27487302380952
2013-11-26,5.77,"16","2","autumn",0.47,0.72,12.63,"11",11.4432681977228
2012-11-07,7.64,"16","3","autumn",0.47,0.86,12.67,"11",11.2462700933201
2013-11-10,7.3,"16","7","autumn",0.18,0.79,12.68,"11",11.5539007331534
2012-11-03,6.47,"16","6","autumn",0.25,0.79,12.71,"11",11.3928860700417
2012-11-22,13.09,"16","4","autumn",0.54,0.81,12.73,"11",10.9990513574864
2012-11-29,3.18,"15","4","autumn",0.36,0.83,12.92,"11",12.0609808359609
2012-11-02,6.88,"16","5","autumn",0.23,0.77,12.96,"11",11.026956710777
2013-11-13,9.09,"16","3","autumn",0.45,0.82,12.99,"11",10.669635555592
2011-11-30,11.87,"15","3","autumn",0.31,0.78,13.05,"11",8.81351315789474
2011-11-26,12.96,"16","6","autumn",0.44,0.81,13.07,"11",10.2677073097561
2011-11-27,13.54,"16","7","autumn",0.42,0.72,13.08,"11",10.8508048926829
2013-11-15,7.41,"16","5","autumn",0.27,0.72,13.12,"11",10.7880055918804
2013-11-14,6.61,"16","4","autumn",0.32,0.74,13.18,"11",10.6443382847445
2012-11-28,3.34,"15","3","autumn",0.65,0.83,13.2,"11",11.9646678712349
2012-11-08,12.34,"16","4","autumn",0.64,0.78,13.36,"11",10.945955830105
2012-11-09,11.27,"16","5","autumn",0.7,0.8,13.37,"11",10.933946624896
2013-11-19,4.33,"16","2","autumn",0.19,0.74,13.5,"11",11.095023002977
2013-11-07,14.7,"16","4","autumn",0.66,0.83,13.9,"11",10.1193467019476
2013-12-12,7.28,"15","4","autumn",0.16,0.94,3.14,"12",11.641280485046
2013-12-11,6.34,"15","3","autumn",0.03,0.93,3.48,"12",11.7077109589628
2013-12-10,7.65,"15","2","autumn",0.23,0.91,4.49,"12",11.3784299968518
2012-12-11,1.26,"15","2","autumn",0.29,0.89,6.18,"12",11.7740591522612
2012-12-12,1.8,"15","3","autumn",0.45,0.91,6.49,"12",13.2632607213316
2012-12-13,-1.1,"15","4","autumn",0.6,0.87,6.78,"12",13.3223444290883
2012-12-14,10.34,"15","5","autumn",0.71,0.92,7.45,"12",13.0831425731138
2012-12-19,4.49,"15","3","autumn",0.52,0.92,7.87,"12",12.4012659286387
2012-12-01,2.61,"15","6","autumn",0.31,0.88,8.92,"12",13.1217524407414
2012-12-20,7.93,"15","4","autumn",0.76,0.96,8.96,"12",12.24311350458
2013-12-15,12.54,"15","7","autumn",0.68,0.91,9.14,"12",12.257546770274
2011-12-21,12.14,"15","3","autumn",0.67,0.94,9.41,"12",12.1485701985673
2013-12-13,11.73,"15","5","autumn",0.51,0.85,9.45,"12",11.3921246323811
2013-12-17,7.08,"15","2","autumn",0.6,0.9,9.61,"12",11.370127618027
2013-12-21,11.95,"15","6","autumn",0.86,0.86,9.66,"12",12.1239978481409
2013-12-18,10.29,"15","3","autumn",0.64,0.88,9.7,"12",11.2999232883757
2013-12-26,4.53,"15","4","winter",0.49,0.92,9.8,"12",11.6558585151675
2013-12-23,11.95,"15","1","winter",0.58,0.84,9.98,"12",12.0463251759005
2012-12-22,13.07,"15","6","winter",0.67,0.96,10.15,"12",12.3587841216422
2013-12-16,12.89,"15","1","autumn",0.88,0.89,10.36,"12",11.1700610692895
2011-12-19,4.02,"15","1","autumn",0.47,0.94,10.43,"12",13.7744709716129
2012-12-03,10.22,"15","1","autumn",0.58,0.87,10.67,"12",12.3932922025692
2013-12-02,8.79,"15","1","autumn",0.86,0.79,10.7,"12",11.2390421288473
2013-12-09,11.01,"15","1","autumn",0.32,0.89,10.73,"12",11.2236781246094
2012-12-24,12.3,"15","1","winter",0.61,0.91,10.85,"12",12.0538786494105
2013-12-24,11.93,"15","2","winter",0.4,0.81,10.86,"12",11.9816715628868
2011-12-16,0.99,"15","5","autumn",0.7,0.88,10.96,"12",13.3760801416031
2011-12-30,10.27,"16","5","winter",0.56,0.84,11.06,"12",12.4042092489051
2012-12-05,-0.07,"15","3","autumn",0.39,0.84,11.14,"12",12.7365271339182
2013-12-30,10.22,"16","1","winter",0.55,0.83,11.35,"12",11.8136104249265
2013-12-27,10.99,"15","5","winter",0.37,0.75,11.43,"12",11.6619784475705
2012-12-28,12.34,"15","5","winter",0.7,0.89,11.46,"12",11.768871214366
2013-12-01,8.59,"15","7","autumn",0.55,0.83,11.59,"12",12.2626361152886
2011-12-17,1.72,"15","6","autumn",0.37,0.86,11.64,"12",13.5119678539286
2012-12-18,7.12,"15","2","autumn",0.62,0.86,11.65,"12",11.9581924326032
2013-12-07,6.32,"15","6","autumn",0.47,0.85,11.78,"12",11.9242619130859
2011-12-02,5.33,"15","5","autumn",0.32,0.87,11.89,"12",10.145910005
2013-12-03,7.22,"15","2","autumn",0.97,0.72,11.99,"12",11.4140062422829
2011-12-12,5.94,"15","1","autumn",0.38,0.84,12.05,"12",11.9519583324074
2011-12-11,5.72,"15","7","autumn",0.56,0.88,12.09,"12",13.7491741373134
2013-12-31,10.36,"16","2","winter",0.59,0.85,12.13,"12",11.9139172398313
2011-12-01,12.15,"15","4","autumn",0.57,0.82,12.15,"12",9.22770652717391
2012-12-21,7.58,"15","5","autumn",0.44,0.91,12.15,"12",11.7767963030265
2013-12-04,6.66,"15","3","autumn",0.56,0.77,12.25,"12",11.3561043892683
2013-12-25,4.98,"15","3","winter",0.03,0.85,12.36,"12",12.5428469510484
2011-12-23,11.44,"15","5","winter",0.74,0.85,12.36,"12",12.2549894214286
2012-12-08,4.69,"15","6","autumn",0.52,0.83,12.39,"12",12.7869867960572
2012-12-27,5.36,"15","4","winter",0.51,0.84,12.46,"12",11.8428621187046
2012-12-29,11.97,"16","6","winter",0.59,0.83,12.5,"12",11.6741681163221
2011-12-13,12.08,"15","2","autumn",0.42,0.75,12.55,"12",11.9574464294643
2012-12-06,0.37,"15","4","autumn",0.43,0.84,12.55,"12",13.0057500015738
2011-12-08,12.89,"15","4","autumn",0.53,0.81,12.59,"12",11.5251496988024
2013-12-06,5.72,"15","5","autumn",0.38,0.7,12.67,"12",11.6051751948828
2013-12-22,10.07,"15","7","autumn",0.25,0.73,12.68,"12",11.942015860701
2011-12-03,11.42,"15","6","autumn",0.54,0.79,12.7,"12",10.7802727290909
2012-12-17,6.39,"15","1","autumn",0.32,0.86,12.71,"12",11.9420213495386
2013-12-14,11.33,"15","6","autumn",0.35,0.81,12.73,"12",11.7366547327856
2012-12-23,13.08,"15","7","winter",0.53,0.86,12.73,"12",11.9345226692057
2011-12-15,4.38,"15","4","autumn",0.42,0.77,12.79,"12",12.3070793706349
2012-12-02,2.71,"15","7","autumn",0.31,0.84,12.81,"12",13.7155289448082
2011-12-09,3.99,"15","5","autumn",0.15,0.71,12.83,"12",11.7598369548913
2011-12-28,11.19,"15","3","winter",0.46,0.77,12.83,"12",11.790656326615
2011-12-10,3.14,"15","6","autumn",0.17,0.81,12.83,"12",12.6338009925373
2012-12-07,2.12,"15","5","autumn",0.56,0.8,12.84,"12",12.8279515198806
2012-12-16,7.78,"15","7","autumn",0.39,0.89,12.86,"12",12.7608482267909
2013-12-08,11.24,"15","7","autumn",0.35,0.83,12.87,"12",12.0805413023823
2011-12-20,4.98,"15","2","autumn",0.48,0.81,12.89,"12",12.7091063762918
2012-12-04,4.36,"15","2","autumn",0.21,0.82,12.89,"12",12.2684677032206
2012-12-26,10.18,"15","3","winter",0.39,0.88,12.94,"12",11.6725711951206
2011-12-22,12.14,"15","4","winter",0.38,0.87,12.99,"12",11.8394032659401
2011-12-05,3.13,"15","1","autumn",0.2,0.77,13,"12",10.6097142888889
2011-12-18,1.98,"15","7","autumn",0.22,0.84,13.04,"12",14.7322714275
2012-12-25,6.49,"15","2","winter",0.56,0.89,13.07,"12",12.5093124209066
2011-12-07,5.14,"15","3","autumn",0.29,0.68,13.12,"12",10.8893618453947
2011-12-29,6.46,"15","4","winter",0.45,0.76,13.13,"12",12.1449203962687
2012-12-31,6.97,"16","1","winter",0.38,0.81,13.15,"12",11.9012354854499
2011-12-06,3.77,"15","2","autumn",0.34,0.83,13.15,"12",11.6734166666667
2012-12-15,11.17,"15","6","autumn",0.39,0.86,13.15,"12",12.4537583213821
2011-12-24,5.32,"15","6","winter",0.37,0.8,13.16,"12",13.0653174589947
2012-12-10,2.23,"15","1","autumn",0.27,0.79,13.18,"12",12.5283363466257
2012-12-30,10.9,"16","7","winter",0.37,0.77,13.2,"12",11.9009804086704
2011-12-14,2.88,"15","3","autumn",0.36,0.79,13.2,"12",12.392775862931
2011-12-26,12.91,"15","1","winter",0.81,0.84,13.23,"12",11.0655767219577
2012-12-09,5.37,"15","7","autumn",0.53,0.8,13.33,"12",13.4189907764334
2011-12-31,12.57,"16","6","winter",0.76,0.89,13.33,"12",12.4360218951338
2011-12-04,6.66,"15","7","autumn",0.36,0.82,13.36,"12",12.1631272745455
2013-12-05,10.29,"15","4","autumn",0.44,0.73,13.37,"12",11.8151815876146
2011-12-27,10.33,"15","2","winter",0.85,0.74,13.39,"12",11.4949444444444
2013-12-28,5.34,"15","6","winter",0.11,0.77,13.45,"12",11.3790258671174
2013-12-20,10.42,"15","5","autumn",0.36,0.79,13.82,"12",11.4893173533751
2013-12-19,7.07,"15","4","autumn",0.36,0.78,13.89,"12",11.4442993552142
2011-12-25,11.98,"15","7","winter",0.88,0.83,13.99,"12",12.9494285674603
2013-12-29,4.44,"15","7","winter",0.12,0.84,14.08,"12",11.9735927875759
