"date","apparentTemperatureMax","apparentTemperatureMin","humidity","energy_sum"
2013-05-01,16.96,3.39,0.43,8.79350297401487
2013-07-14,29.3,17.96,0.45,8.32997890363534
2012-03-27,21.14,4.88,0.49,9.56769350731306
2012-03-26,18.26,4.77,0.53,9.98495594530341
2013-07-16,30.28,17.14,0.54,8.02342824879473
2013-05-25,18.82,4.49,0.55,8.91666168992349
2012-07-27,21.09,14.93,0.55,8.22438289806234
2013-05-02,19.71,4.48,0.56,8.55738646036824
2012-05-26,25.98,13.55,0.56,8.12422372510798
2013-08-28,23.19,14.16,0.56,7.81040460799695
2013-07-15,29.2,17.03,0.56,8.0665576486624
2013-04-01,3.74,-4.26,0.57,11.9824229419611
2013-06-24,18.76,11.26,0.57,8.41985955366585
2013-07-08,25.61,12.01,0.57,7.96851749430023
2013-08-09,21.73,14.1,0.57,7.69374488659091
2013-07-18,27.27,15.62,0.57,8.00012283381688
2012-07-24,29.37,15.74,0.57,7.91489272931507
2012-05-11,14.44,3.24,0.58,8.72991557253283
2013-05-26,17.28,4.68,0.58,8.58491657200448
2012-07-22,27.18,12.47,0.58,8.24220885079031
2012-07-23,28.32,14.21,0.58,7.99294122635349
2012-05-25,24.64,15.06,0.58,7.96379895979203
2012-02-02,-3.78,-6.49,0.59,14.3687993373355
2013-02-21,-2.51,-3.9,0.59,12.5534853697696
2012-04-15,10.94,-0.22,0.59,11.1263464632844
2013-04-28,13.41,4.92,0.59,10.0098241978257
2013-06-01,18.83,8.97,0.59,8.47592064981329
2013-08-18,22.02,12.68,0.59,8.20290707031547
2012-08-17,30.6,20.54,0.59,7.77314537844538
2012-08-30,17.72,5.92,0.6,8.33731253847931
2013-06-03,20.07,6.1,0.6,8.11301942072829
2013-05-06,19.82,8.63,0.6,8.64548966617017
2012-09-04,19.97,12.07,0.6,8.33847197134159
2013-08-19,23.53,12.16,0.6,7.80935943712222
2013-08-30,19.87,14.22,0.6,7.85504988570069
2013-07-17,27.56,17.5,0.6,8.07288736129215
2013-04-04,3.68,-2.8,0.61,12.2019722473821
2012-03-31,12.88,1.12,0.61,10.4233533220421
2012-03-28,19.16,5.82,0.61,9.53081514918567
2012-06-08,17.92,11.02,0.61,8.8071708318217
2013-06-28,21.19,13.42,0.61,8.29101761577961
2013-08-11,20.39,13.57,0.61,8.01772023505584
2012-07-25,26.44,15.93,0.61,7.99986409557522
2013-07-13,27.83,17.28,0.61,7.9428796842026
2013-04-06,10.37,-1.21,0.62,11.0971770039067
2013-04-30,16.32,2.32,0.62,8.84434200802974
2013-04-29,13.71,4.3,0.62,9.06303884040141
2012-05-12,16.26,4.6,0.62,9.15230502785847
2012-09-07,27.12,10.41,0.62,8.03635264479429
2012-09-10,17.82,11.73,0.62,8.51159005035684
2012-05-27,25.58,13.89,0.62,8.43969314850317
2013-07-25,26.19,15.26,0.62,7.9739420857574
2013-08-10,22.76,15.42,0.62,7.7033080859307
2013-03-12,-0.56,-8.88,0.63,12.8522952649291
2013-02-22,-3.32,-4.29,0.63,12.8562318234756
2013-03-29,1.71,-2.99,0.63,12.2315757362123
2013-04-05,8.53,-2.67,0.63,11.7314792668086
2012-04-01,15.04,3.98,0.63,10.7465230768421
2012-09-18,16.3,5.17,0.63,8.48585667139616
2013-08-31,21.07,10.17,0.63,7.9242992379619
2013-05-05,20.99,10.48,0.63,8.80253695803389
2012-09-06,25.76,11.46,0.63,8.07335405306594
2013-08-07,23.81,11.83,0.63,7.63305358805151
2013-07-05,26.47,13.48,0.63,7.97027959417512
2013-06-30,19.78,13.89,0.63,8.46244179996251
2013-07-21,32.16,17.29,0.63,8.19377346364493
2012-08-16,27.23,17.92,0.63,7.9581808817437
2013-03-27,-0.19,-4.06,0.64,12.4960441531868
2013-04-02,-0.57,-3.72,0.64,11.2662517108933
2013-03-31,1.29,-3.14,0.64,11.9327208888355
2012-02-19,3.63,-1.92,0.64,13.7550365852304
2012-03-05,5.56,-1.21,0.64,12.7162520024055
2012-05-15,13.46,1.41,0.64,9.45404663253857
2013-04-20,14.12,1.46,0.64,9.48570009257196
2013-04-27,11.59,1.61,0.64,9.52584724036424
2013-04-17,14.11,5.27,0.64,9.17927174876646
2013-05-03,16.31,5.78,0.64,8.3922208376186
2012-05-10,15.88,7.43,0.64,9.19821925746326
2013-06-25,20.61,10.14,0.64,8.02718950264292
2012-09-17,17.19,10.97,0.64,8.56541200855072
2012-06-19,21.16,11.47,0.64,8.12038286493224
2013-07-10,21.69,11.99,0.64,7.84724430656879
2013-08-20,25.57,12.72,0.64,7.66068129101614
2013-07-09,23.19,13.36,0.64,7.8650527002635
2013-08-06,21.49,14.97,0.64,7.71401116355724
2013-08-29,24.03,15.34,0.64,7.747788270754
2012-05-24,24.14,15.81,0.64,7.96099559641809
2013-03-25,-2.89,-4.96,0.65,13.1182948122023
2013-03-26,-2.29,-4.31,0.65,12.9165594512001
2012-04-05,12.28,-1.43,0.65,10.6452334067114
2013-04-07,7.18,-0.38,0.65,11.1582951846481
2013-05-22,10.26,3.51,0.65,8.82453115537314
2013-04-25,13.28,5.04,0.65,8.28206681505197
2012-07-29,19.69,8.53,0.65,8.56678601442713
2013-05-31,17.34,10.77,0.65,8.43245865167071
2013-07-04,24.62,12.63,0.65,8.01432251371482
2013-07-07,25.18,14.99,0.65,8.33993133843115
2013-07-31,32.42,17.18,0.65,7.95977635117114
2013-03-28,0.31,-3.85,0.66,12.0509543181247
2012-04-14,6.16,-0.3,0.66,10.2552783720294
2014-02-09,3.91,1.38,0.66,12.202967430864
2013-04-19,13.14,2.88,0.66,9.44901226100687
2012-05-16,14.06,6.22,0.66,8.09679030543142
2013-06-02,18.66,7.24,0.66,8.73745320429666
2013-06-06,19.64,10.02,0.66,7.96687892296338
2013-06-23,16.1,10.62,0.66,9.00841087190253
2012-07-21,22.86,12.24,0.66,8.1380082199157
2013-06-16,20.4,12.87,0.66,8.82588218790036
2013-07-06,27.28,14.99,0.66,7.99750949821328
2012-02-01,-1.86,-5.98,0.67,13.8149644032203
2012-02-03,-1.67,-5.77,0.67,14.5212743186603
2013-03-14,5.17,-3.72,0.67,11.7860816737648
2013-05-24,14.87,3.19,0.67,9.55757398660198
2012-03-21,15.62,5.38,0.67,10.3803018700801
2013-09-15,14.08,5.59,0.67,9.88995758458158
2012-02-25,12.11,5.93,0.67,11.8060770159006
2012-06-12,17.51,7.54,0.67,9.1583743100853
2013-05-17,14.56,7.62,0.67,9.22621335199552
2012-09-05,20.76,8.67,0.67,8.15701951741868
2012-09-08,27.78,11.32,0.67,8.23576343329135
2012-06-16,19.44,12.46,0.67,7.797470794808
2013-06-29,25.17,14.92,0.67,8.10806280560555
2013-07-12,29.24,15.01,0.67,7.81593541751083
2012-08-10,22.91,15.21,0.67,7.96711176451681
2013-07-23,26.24,15.59,0.67,8.22195739049774
2013-08-08,23.85,15.72,0.67,7.66710662914773
2013-02-23,-1.89,-4.2,0.68,13.245570067375
2013-03-31,1.64,-2.33,0.68,11.9327208888355
2012-03-08,12.03,-0.33,0.68,12.0449306114537
2012-03-19,13.27,-0.32,0.68,11.0559449086835
2014-02-13,3.42,0.05,0.68,11.2857367269835
2011-12-07,5.14,0.94,0.68,10.8893618453947
2012-01-22,11.8,2.14,0.68,13.7207991855984
2013-10-09,11.82,4.19,0.68,8.94084204544581
2013-05-12,14.06,4.53,0.68,9.80834829610728
2013-05-04,17.79,5.5,0.68,8.86870556311186
2012-04-29,17.15,6.21,0.68,11.5585434884521
2013-06-05,20.88,6.66,0.68,8.0122647113768
2012-09-12,17.64,7.17,0.68,8.27887156851037
2013-04-22,20.25,10.02,0.68,9.41152330447539
2012-06-18,20.35,10.1,0.68,8.32665216317453
2013-06-09,14.56,10.61,0.68,9.14705667833895
2013-08-05,22.11,12.23,0.68,8.00088371985252
2012-09-13,20.69,13.61,0.68,8.23255736681296
2013-07-26,27.37,14.82,0.68,7.79169643258448
2013-03-30,1.53,-2.65,0.69,11.7919036962847
2014-02-15,5.79,1.77,0.69,11.4904696152022
2013-04-18,11.95,3.88,0.69,9.25026850964928
2012-09-21,15.62,5.43,0.69,8.80640323234452
2013-06-07,17.06,6.88,0.69,8.05955094284913
2013-06-13,18.81,7.72,0.69,8.54384331740921
2013-08-12,19.8,11.46,0.69,7.78243539261084
2013-06-26,19.23,12.2,0.69,8.03627886081334
2012-07-14,18.26,12.44,0.69,8.59546066300359
2013-08-27,23.38,12.45,0.69,7.8898722145877
2013-08-26,22.78,12.82,0.69,8.0020666664
2012-08-08,25.92,13.33,0.69,8.00354526408318
2012-06-25,22.92,14.04,0.69,8.26851710176991
2012-08-25,21.01,14.26,0.69,8.12416799636707
2013-08-25,24.32,16.37,0.69,8.11769853416492
2012-02-20,5.37,-4.67,0.7,13.3062665818302
2013-12-06,5.72,-1.27,0.7,11.6051751948828
2012-04-10,12.91,1.97,0.7,9.91865182430657
2012-04-09,12.9,2.8,0.7,10.6329381068606
2012-01-05,11.46,3.67,0.7,12.8480783845606
2013-02-16,10.13,3.7,0.7,11.5626674574922
2013-05-21,14.02,7.13,0.7,8.76439910578143
2013-04-15,16.55,7.26,0.7,9.3196743918969
2012-09-19,17.38,8.07,0.7,8.54859403382716
2013-05-18,17.85,8.56,0.7,9.15104978517621
2012-09-14,21.12,8.97,0.7,8.29216829797959
2012-06-30,17.88,11.01,0.7,8.17816464775481
2013-04-13,19.88,11.49,0.7,10.531617352132
2012-07-20,19.89,11.83,0.7,8.23411085412013
2013-09-01,24.94,11.88,0.7,8.41948351945132
2013-07-11,23.92,12.01,0.7,7.77092362678706
2012-06-24,21.15,12.11,0.7,8.99321729674173
2012-08-22,22.04,12.96,0.7,7.8457140456435
2012-08-09,24.99,14.5,0.7,7.97107120375971
2013-08-03,22.98,14.79,0.7,7.74115223093797
2012-08-11,25.13,16.03,0.7,8.02954915983193
2013-02-24,-2.08,-3.26,0.71,14.0142816025467
2013-02-07,2.42,-2.68,0.71,12.2380164108497
2013-02-02,1.9,-1.71,0.71,12.359468647922
2011-12-09,3.99,-1.42,0.71,11.7598369548913
2014-02-22,11.63,1.59,0.71,10.7762421096284
2013-04-26,10.36,1.82,0.71,8.77842514832838
2012-04-16,13.77,1.82,0.71,10.4448520683463
2012-03-25,18.18,2.4,0.71,10.6978578656854
2013-02-04,10.2,2.41,0.71,11.6230153159526
2013-05-14,13.64,2.67,0.71,9.29040938778171
2012-03-30,11.09,4.29,0.71,9.34331788707317
2013-05-08,14.28,5,0.71,8.50373096231614
2012-03-29,17.12,6.71,0.71,9.34187804902439
2013-06-04,19.64,6.8,0.71,8.01897889462084
2012-06-13,18.08,7.79,0.71,6.98976638256628
2012-06-22,18.12,11.01,0.71,8.44999326816543
2013-06-15,17.34,11.46,0.71,8.65216560547021
2012-09-16,18.72,13.29,0.71,9.01801874275302
2012-06-29,20.13,13.61,0.71,8.20298928261491
2012-07-04,22.33,15.2,0.71,8.22653003493522
2013-08-02,23.17,15.36,0.71,7.98315031223294
2013-09-04,28.59,15.54,0.71,8.0301706984759
2012-08-15,21.67,16.02,0.71,8.09452720029406
2013-07-20,26.07,16.84,0.71,8.01356375908834
2013-08-01,24.68,17.44,0.71,7.91322415390285
2013-03-02,3.13,-0.01,0.72,12.3088508924986
2014-02-21,10.15,0.19,0.72,10.5181264982014
2013-11-26,5.77,1.08,0.72,11.4432681977228
2013-12-03,7.22,1.58,0.72,11.4140062422829
2013-11-15,7.41,1.74,0.72,10.7880055918804
2012-03-20,14.48,1.97,0.72,10.7309130871912
2011-11-27,13.54,2.94,0.72,10.8508048926829
2014-02-02,6.48,3.21,0.72,12.0781643556832
2012-03-22,15.81,3.51,0.72,10.2048129331294
2012-04-13,11.62,3.66,0.72,10.0172454382691
2012-01-07,10.34,4.72,0.72,12.7654599122642
2013-03-06,13.14,6.51,0.72,10.6752483423473
2012-09-11,17.92,6.77,0.72,8.2373150043022
2013-04-14,15.43,10.08,0.72,10.0442564420545
2013-05-09,17.17,10.2,0.72,8.7022052143203
2013-06-08,14.17,10.29,0.72,8.26964678339566
2013-05-30,21.68,11.27,0.72,9.05063902911298
2013-04-24,22.08,11.38,0.72,8.50609896036019
2013-07-01,17.5,11.84,0.72,8.11550984061856
2012-05-29,24.11,12.5,0.72,8.00506552777933
2012-06-15,17.47,12.57,0.72,7.22760056202661
2012-08-31,20.53,13.11,0.72,8.09845590134397
2012-08-21,21.48,13.16,0.72,7.94275446311699
2012-09-02,24.34,15.69,0.72,9.00151469930701
2012-08-18,29.5,18.33,0.72,8.01485017856693
2013-03-11,-4.11,-8.57,0.73,13.1067729697477
2013-02-13,1.23,-3.18,0.73,12.7171507564519
2013-02-05,2.38,-2.91,0.73,12.0102716505743
2013-12-05,10.29,-2.54,0.73,11.8151815876146
2013-03-13,3.01,-2.39,0.73,12.119938075341
2012-04-20,12.45,1.57,0.73,10.2849724452354
2013-12-22,10.07,1.58,0.73,11.942015860701
2014-02-26,11.29,1.67,0.73,10.2029453223713
2013-11-30,6.01,2.19,0.73,11.530147006668
2012-05-04,7.42,2.99,0.73,9.99838708130881
2012-02-15,10.61,3.46,0.73,13.0541475835862
2012-06-17,18.87,11.17,0.73,8.90575000117532
2012-08-02,21.77,13.09,0.73,7.96554281449611
2012-07-18,20.18,13.77,0.73,8.26354165777262
2012-05-28,22.37,14.25,0.73,8.10115292853894
2013-07-27,23.14,15.34,0.73,8.07355880734378
2013-08-17,22.42,15.92,0.73,8.00789620481974
2013-04-03,-1.57,-3.52,0.74,11.9232258596374
2013-11-19,4.33,-2.23,0.74,11.095023002977
2013-01-13,-0.09,-2.16,0.74,13.66222980501
2012-01-16,4.18,-1.97,0.74,13.0478076073826
2014-02-27,10.31,1.41,0.74,10.3563498993587
2013-03-05,16.06,1.49,0.74,10.8604805896228
2012-02-26,12.67,1.82,0.74,12.4442211160248
2013-11-14,6.61,2.32,0.74,10.6443382847445
2013-01-31,6.38,3.29,0.74,11.2815322518586
2012-02-16,10.61,3.44,0.74,12.5933233270123
2013-11-03,11.43,3.89,0.74,11.0441856336607
2013-05-15,15.13,4.17,0.74,9.25626653054572
2013-04-21,14.32,5.12,0.74,9.99667631842984
2014-02-24,14.23,5.52,0.74,10.4114030845214
2011-12-27,10.33,5.59,0.74,11.4949444444444
2012-10-09,14.13,6.21,0.74,9.64186838981088
2012-03-24,18.83,6.42,0.74,10.2277729189235
2012-03-23,19.48,6.74,0.74,10.1237569813717
2012-10-15,14.74,7.15,0.74,10.2020812658837
2013-04-23,19.35,8.49,0.74,8.66526337323551
2013-06-14,16.27,11.01,0.74,8.20428627614679
2012-08-01,21.29,15.61,0.74,8.06490363972228
2013-07-19,22.49,16.34,0.74,7.8767767942362
2013-07-24,25.13,16.86,0.74,7.87971320716981
2013-07-22,28,19.64,0.74,8.17883886064832
2012-02-07,1.92,-7.99,0.75,13.8827661226387
2013-02-06,2.56,-1.46,0.75,12.2536409541758
2013-03-21,2.57,-1.24,0.75,11.5047561338867
2014-02-12,4.73,-1.2,0.75,11.679099381932
2011-12-13,12.08,0.22,0.75,11.9574464294643
2014-02-04,5.63,1.12,0.75,11.0955844370224
2012-04-03,10.18,1.87,0.75,10.1647025569326
2012-05-05,7.04,3.19,0.75,10.2315460349173
2013-12-27,10.99,3.68,0.75,11.6619784475705
2012-01-21,12.35,4.21,0.75,12.735594320284
2012-04-02,12.92,5.04,0.75,9.92628863990536
2012-01-08,8.09,5.52,0.75,13.3955697359338
2012-04-06,10.48,6.42,0.75,10.5564769046945
2012-09-28,15.83,6.9,0.75,9.254501698002
2012-10-11,14.73,7.12,0.75,10.0057077271041
2013-09-19,18.41,8.16,0.75,9.1169680372823
2012-07-28,17.92,10.97,0.75,8.0945854212766
2013-09-06,17.7,11.39,0.75,8.30136296006103
2012-05-21,24.46,11.44,0.75,8.81353391784933
2012-08-26,20.99,12.62,0.75,8.10064944440244
2013-06-12,17.59,12.96,0.75,8.66690183529412
2012-05-22,25.43,13.47,0.75,8.22785083722983
2012-06-28,20.96,13.96,0.75,8.13416237460658
2013-09-03,27.31,14.09,0.75,8.02121443505999
2012-08-27,22.5,14.97,0.75,8.3152787226423
2012-07-26,23.79,16.01,0.75,7.91468598590095
2012-06-27,28.64,16.23,0.75,8.25614630069212
2012-08-20,22.09,16.36,0.75,8.14300483455233
2013-07-28,22.36,16.48,0.75,8.19185876185801
2013-08-22,26.03,16.49,0.75,8.04384343562607
2012-08-19,24.54,17.05,0.75,8.41062870281572
2012-08-13,23.97,17.81,0.75,8.08390716229784
2013-02-12,-0.19,-2.29,0.76,12.9407751655361
2014-02-16,7.88,-1.03,0.76,11.5821590267637
2014-02-11,4.06,-0.57,0.76,11.4526493140274
2013-11-22,4.74,0,0.76,11.5099810085465
2011-12-29,6.46,0.98,0.76,12.1449203962687
2012-02-14,5.84,1.06,0.76,13.6531570791024
2014-02-01,6.86,1.1,0.76,11.7105819325163
2013-05-11,14.81,2.44,0.76,9.27623966536313
2012-04-04,6.47,2.59,0.76,10.2503971160213
2012-02-21,11.65,2.74,0.76,12.6396915062745
2012-04-23,12.48,4.03,0.76,10.2332989513514
2014-02-23,11.94,5.53,0.76,11.4804107632653
2012-03-16,7.32,6.07,0.76,11.3096224577928
2013-10-08,16.48,6.37,0.76,8.76896484119116
2013-05-16,11.3,6.9,0.76,8.83843895588071
2012-09-20,16.32,10.34,0.76,8.63660123165128
2013-07-03,22.89,12.48,0.76,8.19504650277517
2013-06-22,16.51,12.62,0.76,8.4132098159985
2012-09-15,18.31,12.98,0.76,8.40120266625703
2012-05-30,19.54,13.7,0.76,7.96831507510373
2013-09-02,23.92,14.04,0.76,8.02530032348124
2012-08-23,20.27,14.07,0.76,7.82350346340542
2013-06-18,25.56,15.83,0.76,8.20618845934807
2013-08-04,22.72,16.37,0.76,8.07318350382142
2011-12-05,3.13,-1.69,0.77,10.6097142888889
2013-12-04,6.66,-0.58,0.77,11.3561043892683
2013-02-15,7.75,-0.06,0.77,11.552171169635
2013-12-28,5.34,0.77,0.77,11.3790258671174
2014-02-05,5.86,1.03,0.77,11.4151045424321
2011-12-15,4.38,1.07,0.77,12.3070793706349
2012-12-30,10.9,1.25,0.77,11.9009804086704
2013-01-27,10.26,1.49,0.77,12.9283932653685
2014-01-09,12.01,1.6,0.77,11.1195716262102
2012-11-02,6.88,1.81,0.77,11.026956710777
2011-12-28,11.19,1.84,0.77,11.790656326615
2013-11-25,4.63,1.89,0.77,11.5675416503893
2014-02-08,5.67,2.19,0.77,11.5693004562016
2012-04-11,12.13,2.56,0.77,10.0639800401996
2012-04-12,12.02,2.81,0.77,10.1153617465696
2013-11-29,10.18,2.99,0.77,10.9968387901754
2013-01-30,12.56,3.86,0.77,11.0800833773348
2013-10-29,12.38,4.43,0.77,9.91441066565268
2012-04-25,13.89,5.94,0.77,10.4972886333683
2012-04-26,14.84,6.84,0.77,9.91272838890026
2012-05-17,15.77,7.09,0.77,8.81630717873122
2013-09-09,16.65,7.53,0.77,8.78897464238322
2013-04-16,17.95,8.26,0.77,9.22987664514932
2013-05-07,16.81,11.33,0.77,8.30699609093616
2012-06-23,19.88,11.65,0.77,8.60954384238141
2013-09-10,16.49,12.47,0.77,8.71835151607858
2012-09-03,24.79,13.71,0.77,8.36425897855493
2012-07-16,22.48,13.92,0.77,8.57282552721519
2012-08-03,21.04,14.36,0.77,7.99590422186515
2012-08-05,20.95,14.77,0.77,8.66672773168067
2012-08-07,22.8,15.03,0.77,8.21325960980886
2012-08-14,22.79,17.38,0.77,7.88800042108801
2012-02-08,-3.19,-6.87,0.78,15.1970534126113
2013-03-24,-2.86,-6.34,0.78,14.1915913964734
2012-02-11,1.93,-5.64,0.78,14.8736771495714
2013-02-20,3.78,-3.42,0.78,11.7278959034211
2013-02-08,2.73,-2.13,0.78,12.1127377334306
2013-03-04,6.17,-1.41,0.78,11.4818590866446
2012-01-15,2.97,-1.38,0.78,14.0372163947608
2013-03-01,3.28,-1.08,0.78,12.0484988962316
2013-11-21,4.39,-0.77,0.78,11.6342867118559
2012-01-27,6.15,-0.42,0.78,12.4719853474359
2012-03-06,7.22,-0.25,0.78,13.0291936920045
2013-12-19,7.07,0.55,0.78,11.4442993552142
2012-01-20,10.05,0.73,0.78,12.7830270810417
2012-01-04,4.77,0.79,0.78,12.7411404771429
2012-01-23,5.67,0.91,0.78,12.6141237675835
2012-01-06,6.13,1.64,0.78,12.7196217522459
2012-03-07,10.75,1.87,0.78,12.757729392539
2012-04-21,14.03,2.21,0.78,10.2373611099773
2012-03-25,13.79,2.47,0.78,10.6978578656854
2013-11-24,5.55,2.69,0.78,12.4271839249708
2014-01-03,10.49,2.77,0.78,11.4890460694962
2011-11-30,11.87,3.34,0.78,8.81351315789474
2014-02-25,11.43,3.89,0.78,10.2949965968769
2013-05-10,13.18,4.29,0.78,8.60023035333333
2012-03-09,10.86,4.48,0.78,12.1569891098039
2012-11-08,12.34,5.13,0.78,10.945955830105
2014-01-07,11.38,5.34,0.78,11.2682336777691
2014-01-06,12.57,5.91,0.78,11.4085163688296
2012-09-24,15.47,7.49,0.78,9.62013563396954
2012-06-09,17.22,8.91,0.78,8.55402558917605
2012-05-18,16.42,10.59,0.78,8.92611295001623
2013-09-17,15.18,10.77,0.78,9.24242909053899
2013-08-13,22.04,11.04,0.78,7.73623005559977
2012-06-21,17.53,11.44,0.78,8.40507731252409
2012-08-06,19.32,11.49,0.78,8.26740390537702
2013-05-20,16.22,12.01,0.78,9.01906286123858
2012-06-07,15.17,12.28,0.78,8.75159546561605
2012-06-14,17.59,12.91,0.78,8.14549264410322
2013-06-17,20.37,13.33,0.78,8.22452285453353
2012-05-31,20.08,13.98,0.78,8.06943102470011
2012-05-23,25.66,15.36,0.78,8.03159892563414
2012-09-09,20.21,16.93,0.78,8.59237510510076
2013-03-22,0.07,-2.8,0.79,12.0711726924908
2012-10-26,3.78,-2.56,0.79,10.6630710140942
2013-01-24,2.08,-2.49,0.79,13.3672035666727
2014-01-27,4.34,-2.02,0.79,11.7538709560971
2013-02-19,10.12,-1.43,0.79,11.3850073113711
2014-01-26,5.99,-1.3,0.79,12.7296587090945
2012-02-18,10.76,-1.07,0.79,12.9546422796748
2012-12-10,2.23,-1.04,0.79,12.5283363466257
2014-02-07,8.44,-0.86,0.79,10.972318254623
2013-12-20,10.42,-0.66,0.79,11.4893173533751
2012-10-25,10.11,-0.37,0.79,10.0616857553529
2012-01-30,2.42,0.03,0.79,13.4519788343915
2013-04-09,10.59,0.4,0.79,10.9003879231753
2013-11-10,7.3,0.71,0.79,11.5539007331534
2011-12-14,2.88,0.78,0.79,12.392775862931
2012-11-03,6.47,1.56,0.79,11.3928860700417
2014-02-03,4.59,1.96,0.79,11.2800114828351
2012-10-31,12.36,4.43,0.79,10.8264622206197
2012-06-03,13.89,4.48,0.79,9.30320213946524
2011-12-03,11.42,4.71,0.79,10.7802727290909
2011-11-25,13.03,4.84,0.79,9.499781246875
2012-10-03,14.99,5.02,0.79,9.39512822123894
2013-12-02,8.79,6.24,0.79,11.2390421288473
2012-07-10,18.75,12.07,0.79,8.3346625269281
2012-08-04,20.69,12.98,0.79,8.15483637878597
2012-07-19,17.77,13.12,0.79,8.12779020622626
2013-09-25,18.88,13.12,0.79,8.55819578480843
2013-09-29,18.81,13.21,0.79,9.4408526540525
2013-09-28,17.36,13.44,0.79,8.99635102544549
2012-07-31,22.57,13.69,0.79,8.20502271745898
2013-07-02,19.69,14.31,0.79,8.24803391971514
2012-08-12,22.68,15.26,0.79,8.40144180659664
2013-08-14,23.46,16.78,0.79,7.71056052237166
2012-02-04,-2.32,-5.9,0.8,15.1541356386435
2013-01-25,0.81,-4.07,0.8,13.4207022727389
2012-12-07,2.12,-2.07,0.8,12.8279515198806
2013-02-28,4.09,-1.18,0.8,11.9905610054208
2013-03-03,5.04,-1.14,0.8,12.7359069840441
2011-12-24,5.32,-0.51,0.8,13.0653174589947
2012-01-26,6.9,-0.23,0.8,12.3720544061914
2012-12-09,5.37,0.49,0.8,13.4189907764334
2012-10-13,12.32,1.64,0.8,10.0973906103592
2014-01-19,7.39,2.11,0.8,10.6354125075163
2013-10-30,13.57,2.27,0.8,9.92981667575583
2012-03-14,12.41,3.37,0.8,10.9925132638776
2012-05-13,11.41,4.06,0.8,9.49702122938547
2013-05-13,10.94,4.75,0.8,8.81359064611515
2012-03-01,15.11,6.16,0.8,11.2190129100939
2012-11-09,11.27,6.7,0.8,10.933946624896
2012-10-02,14.34,7.78,0.8,9.40385959630727
2013-10-22,16.53,8.92,0.8,9.31166147028483
2013-09-07,16.86,9.13,0.8,8.3138346673913
2012-07-11,18.67,10.04,0.8,8.21289626881605
2013-09-26,16.99,10.58,0.8,8.49393429055556
2012-08-29,16.92,11.25,0.8,8.29493091182276
2013-07-30,23.77,16.49,0.8,7.99981715081224
2012-02-10,-0.54,-5.24,0.81,14.6072097652299
2012-02-09,1.79,-3.7,0.81,14.4024537434655
2011-12-10,3.14,-3.42,0.81,12.6338009925373
2014-01-14,4.15,-1.16,0.81,11.3336020446172
2013-03-15,4.56,-0.32,0.81,11.5908591707097
2013-02-14,10.59,-0.11,0.81,11.9807755056945
2014-02-14,12.02,0.45,0.81,11.8169143320215
2011-12-08,12.89,0.63,0.81,11.5251496988024
2012-01-02,4.8,0.87,0.81,12.7547445243309
2012-12-31,6.97,0.88,0.81,11.9012354854499
2014-01-11,5.91,1.02,0.81,11.5389779543701
2013-12-14,11.33,1.16,0.81,11.7366547327856
2011-12-20,4.98,1.68,0.81,12.7091063762918
2012-05-14,11.27,2.59,0.81,9.18881962460318
2013-12-24,11.93,2.68,0.81,11.9816715628868
2012-01-12,12.4,2.86,0.81,12.0568248843318
2012-11-25,12.54,2.87,0.81,12.1858061844874
2012-11-22,13.09,4.09,0.81,10.9990513574864
2012-04-07,13.08,4.57,0.81,10.3130231164802
2011-11-26,12.96,4.69,0.81,10.2677073097561
2012-09-29,16.46,4.87,0.81,9.38299500593288
2012-03-11,15.55,6.04,0.81,12.0489600033514
2013-10-28,16.08,6.58,0.81,9.8814403397806
2012-03-10,15.39,6.66,0.81,11.9250324358919
2013-10-26,15.87,11.66,0.81,9.61582056214863
2012-06-01,17.54,11.83,0.81,8.14602340616088
2013-06-21,17.54,12.01,0.81,8.08216469876335
2013-09-27,18.36,12.43,0.81,8.52626457043712
2013-09-05,18.32,13.26,0.81,8.07103010649771
2012-07-06,18.65,13.42,0.81,8.19772680121622
2013-06-20,20.38,14.11,0.81,8.1996571750281
2013-06-19,20.2,16.22,0.81,8.03208653348942
2013-03-10,0.33,-4.03,0.82,12.8230727297735
2013-02-03,6.66,-2.93,0.82,13.305082923018
2013-01-23,-1.4,-2.47,0.82,13.3444426455735
2012-12-04,4.36,-2.14,0.82,12.2684677032206
2013-01-01,4.38,0.23,0.82,11.8391743154907
2014-01-23,4.93,0.25,0.82,11.3004138756208
2013-11-13,9.09,0.39,0.82,10.669635555592
2013-11-23,4.72,0.61,0.82,11.7709559905196
2011-12-04,6.66,1.03,0.82,12.1631272745455
2012-11-19,11.23,1.42,0.82,11.40628127171
2012-03-18,8.03,1.58,0.82,12.1554413464423
2012-03-15,16.79,1.59,0.82,10.9699323366169
2012-01-03,12.41,1.73,0.82,12.7440454538278
2014-02-06,7.34,1.96,0.82,11.4454033323617
2012-11-18,9.42,2.07,0.82,12.0827298857892
2013-11-04,8.24,2.11,0.82,10.3219179197881
2014-01-02,10.75,3.36,0.82,11.2233471863752
2011-11-29,13.47,3.39,0.82,9.27487302380952
2012-05-06,14.48,4.48,0.82,10.6318134
2011-12-01,12.15,5.29,0.82,9.22770652717391
2012-03-03,14.29,5.29,0.82,12.2079225427746
2012-05-19,12.18,6.81,0.82,9.00107697252818
2012-05-20,16.22,7.07,0.82,9.7905447522859
2012-10-16,16.6,7.41,0.82,9.87523371759487
2012-06-04,15,7.54,0.82,8.83711173493718
2012-10-08,14.23,7.73,0.82,10.1282461222653
2013-10-05,19.19,8.76,0.82,9.15231432281106
2013-11-02,15.08,10.27,0.82,9.97770980213749
2012-05-07,17.24,10.43,0.82,10.5126464603646
2012-09-26,16.61,10.57,0.82,9.34498083536413
2013-09-30,17.28,11.76,0.82,8.84567420331545
2012-06-05,18.13,12.52,0.82,9.22631783055333
2013-08-16,20.22,14.12,0.82,7.85564854084881
2012-07-05,18.7,14.78,0.82,8.08792295271389
2012-06-26,22.78,17.74,0.82,8.2293715651374
2013-01-17,2.88,-3.86,0.83,13.2786870223373
2012-01-17,5.21,-3.24,0.83,13.2670712688196
2013-02-25,0.59,-2.46,0.83,13.0590554935714
2013-02-27,2.67,-1.82,0.83,12.0587594795017
2011-12-06,3.77,-1.61,0.83,11.6734166666667
2012-11-29,3.18,-1.39,0.83,12.0609808359609
2013-01-12,0.07,-1.06,0.83,13.0604536041583
2013-02-18,5.22,-0.63,0.83,11.5102278203724
2012-11-28,3.34,-0.33,0.83,11.9646678712349
2012-12-08,4.69,0.01,0.83,12.7869867960572
2012-01-13,4.61,0.08,0.83,12.5227568759174
2014-01-24,5.72,0.19,0.83,11.4098802288674
2013-12-01,8.59,0.21,0.83,12.2626361152886
2013-04-08,6.01,0.39,0.83,10.5934204491202
2013-03-19,5.81,0.65,0.83,11.3876267050719
2014-01-25,11.77,1.76,0.83,11.6207782169692
2014-01-28,6.34,1.96,0.83,11.3448047011651
2013-12-08,11.24,2.53,0.83,12.0805413023823
2012-11-05,7.08,2.62,0.83,11.3905215588406
2014-01-13,6.98,2.68,0.83,11.3645537183196
2014-02-17,10.67,2.84,0.83,10.9795659881978
2012-04-19,12.46,2.92,0.83,10.6927654697702
2013-11-05,12.39,2.98,0.83,10.7103691212028
2012-12-29,11.97,3.69,0.83,11.6741681163221
2014-01-16,10.72,3.91,0.83,10.9503075430203
2013-12-30,10.22,4.21,0.83,11.8136104249265
2014-01-18,7.53,4.83,0.83,11.5465703025207
2012-10-05,14.89,5.86,0.83,9.56259996175493
2011-12-25,11.98,5.93,0.83,12.9494285674603
2013-11-07,14.7,6.25,0.83,10.1193467019476
2013-06-10,16.96,6.87,0.83,8.57619299859603
2012-02-24,14.43,7.01,0.83,11.5331957622195
2013-10-11,14.17,7.6,0.83,9.8737308507775
2012-06-11,12.87,10.46,0.83,9.44455727455651
2012-07-01,17.58,12.47,0.83,8.68717965860266
2013-08-24,22.74,13.18,0.83,8.26301637672824
2012-07-12,19.26,14.21,0.83,8.24025363211538
2012-12-06,0.37,-5.79,0.84,13.0057500015738
2012-12-02,2.71,-4.97,0.84,13.7155289448082
2011-12-18,1.98,-4.12,0.84,14.7322714275
2012-01-31,1.13,-2.95,0.84,13.8905180736661
2012-12-05,-0.07,-2.82,0.84,12.7365271339182
2013-12-29,4.44,-2.77,0.84,11.9735927875759
2013-01-28,10.54,-0.68,0.84,12.3470513184713
2011-12-12,5.94,-0.64,0.84,11.9519583324074
2013-02-17,7.33,0.27,0.84,12.0296353172754
2014-02-10,7.07,0.89,0.84,11.2641751736048
2014-01-04,6.66,1.16,0.84,11.9950962923514
2011-12-30,10.27,1.71,0.84,12.4042092489051
2013-05-23,6.24,1.79,0.84,8.90278416695295
2013-12-23,11.95,2.07,0.84,12.0463251759005
2012-10-14,13.03,2.83,0.84,10.7456926434898
2012-10-30,10.92,3.44,0.84,10.8085337927885
2012-12-27,5.36,3.64,0.84,11.8428621187046
2012-02-22,10.47,3.94,0.84,12.8836076937179
2014-02-20,12.5,3.95,0.84,10.5738353968038
2012-10-12,11.53,4.01,0.84,9.61199562837324
2012-01-11,11.19,4.79,0.84,11.9812074606061
2012-02-17,11.83,4.96,0.84,12.4417173919837
2012-01-09,12.33,5.51,0.84,12.4490494101176
2013-09-16,13.7,5.6,0.84,8.95260099350277
2013-09-18,15.86,6.46,0.84,8.87898643248615
2011-12-26,12.91,6.91,0.84,11.0655767219577
2012-02-23,16.98,10.34,0.84,11.6221289532238
2012-04-30,17.24,11.28,0.84,9.33754997640929
2013-05-19,16.87,11.38,0.84,9.23372603556509
2012-06-20,19.08,11.52,0.84,8.03548105199131
2012-07-30,20.19,11.52,0.84,8.08181234275484
2013-10-16,17.29,11.82,0.84,9.9731177152337
2012-07-09,17.46,13.28,0.84,8.49631924163364
2013-08-15,21.73,16.98,0.84,7.80067436961546
2013-01-18,-2.04,-7.8,0.85,14.0458393609122
2013-11-20,3.21,-4.81,0.85,11.8338616216373
2013-01-15,0.89,-3.16,0.85,12.9437203566007
2013-12-25,4.98,0.23,0.85,12.5428469510484
2014-01-10,10.14,0.34,0.85,11.2469911448249
2012-11-01,11.46,0.85,0.85,10.7816885860688
2011-12-23,11.44,0.99,0.85,12.2549894214286
2013-03-16,3.91,1.78,0.85,12.186486909458
2013-02-01,5.33,2.49,0.85,11.5806355520328
2013-12-31,10.36,2.79,0.85,11.9139172398313
2012-01-19,11.51,3.28,0.85,12.2747607724138
2012-02-27,11.15,3.69,0.85,12.196422460928
2013-12-07,6.32,4.02,0.85,11.9242619130859
2014-01-08,11.62,4.53,0.85,11.0061509800784
2013-11-12,13.11,4.61,0.85,10.4047125775656
2013-12-13,11.73,5.42,0.85,11.3921246323811
2013-01-04,10.79,5.7,0.85,11.4170197710684
2012-09-27,17.07,7.44,0.85,9.25459839417671
2012-05-01,13.81,7.76,0.85,9.20682369256198
2012-02-29,12.74,8.36,0.85,11.5166678478055
2012-10-01,16.44,10.87,0.85,9.59029503021869
2012-10-17,16.04,12.15,0.85,9.77540481074986
2012-07-15,17.15,13.05,0.85,8.63847563729171
2013-10-07,19.62,13.36,0.85,8.94882155080676
2012-08-28,19.69,13.66,0.85,8.04810268763125
2013-10-25,16.66,14.34,0.85,9.18184058475164
2012-07-08,18,14.38,0.85,9.07939085828317
2012-07-17,18.52,14.91,0.85,8.14688248964135
2012-07-03,21.44,16.12,0.85,8.32674159614846
2013-01-19,-2.56,-5.37,0.86,14.7039191198655
2011-12-17,1.72,-3.56,0.86,13.5119678539286
2013-01-26,4.69,-2.16,0.86,12.8488882614923
2012-01-14,5.77,-1.79,0.86,13.4962984068337
2013-02-09,2.1,-0.57,0.86,12.8583726062739
2013-03-20,3.49,0.18,0.86,11.6632140210701
2012-01-28,4.04,1.08,0.86,13.3679566806859
2011-11-28,12.58,1.31,0.86,9.10338181454545
2012-04-28,14.89,1.49,0.86,10.7189218314159
2012-11-07,7.64,2.35,0.86,11.2462700933201
2012-12-18,7.12,2.47,0.86,11.9581924326032
2012-12-17,6.39,3.08,0.86,11.9420213495386
2014-01-01,11.34,3.18,0.86,12.3025863898608
2012-12-15,11.17,4.32,0.86,12.4537583213821
2012-04-22,7.28,4.53,0.86,10.6759580239365
2012-03-13,10.89,4.71,0.86,10.9968856568607
2013-09-14,15.36,5.13,0.86,9.29198262381134
2013-12-21,11.95,5.58,0.86,12.1239978481409
2013-10-10,13.16,5.62,0.86,9.29505780576148
2012-05-03,7.18,5.89,0.86,10.0189359171752
2013-10-23,16.91,6.83,0.86,9.17752810922218
2012-11-14,12.62,7.08,0.86,10.6868372477758
2012-09-22,12.31,7.69,0.86,8.99276145630115
2012-12-23,13.08,7.75,0.86,11.9345226692057
2012-02-28,13.86,8.12,0.86,11.5684468601449
2012-10-04,15.65,8.34,0.86,9.34351764151313
2013-05-27,12.13,9.12,0.86,8.55665845403136
2013-05-29,14.69,10.79,0.86,9.11234303781262
2012-06-06,17.29,12.6,0.86,8.42571451266491
2013-10-24,18.47,13.16,0.86,9.2018483147642
2013-09-24,20.87,13.67,0.86,8.51779425342912
2013-10-21,18.04,13.79,0.86,9.47261790161694
2013-06-11,17.01,14.16,0.86,8.45881957720382
2013-07-29,21.02,15.7,0.86,7.9075539192068
2012-12-13,-1.1,-3.72,0.87,13.3223444290883
2012-11-06,7.17,-1.72,0.87,11.5324599924873
2014-01-05,11.96,-0.88,0.87,12.6112740641051
2013-11-16,8.36,-0.1,0.87,11.2957998828638
2011-12-02,5.33,0.46,0.87,10.145910005
2012-12-03,10.22,0.57,0.87,12.3932922025692
2014-02-19,10.13,2.65,0.87,10.6746236023562
2012-04-17,10.01,2.76,0.87,10.6174434014384
2014-01-17,5.71,2.83,0.87,11.1387360642505
2014-01-22,10.02,3.08,0.87,11.1095600868597
2013-04-12,11.42,3.3,0.87,10.3722930491566
2014-02-18,10.13,3.83,0.87,10.7818979815532
2012-03-12,13.86,4.46,0.87,10.9877274663839
2013-04-11,11.51,4.87,0.87,10.5597506942169
2012-03-17,10.75,5.11,0.87,11.8322221155769
2012-10-06,13.64,5.17,0.87,9.57075800873047
2011-12-22,12.14,5.37,0.87,11.8394032659401
2013-01-08,11.23,6.9,0.87,11.239405150671
2012-01-10,11.29,7.25,0.87,11.9761538386946
2013-05-28,12.79,7.59,0.87,8.9954750800448
2013-11-17,9.57,7.78,0.87,11.8816185322394
2013-11-28,9.38,7.97,0.87,11.0534845068603
2013-09-20,18.24,10.33,0.87,8.80031623223583
2013-10-06,18.57,10.37,0.87,9.37681194638878
2013-06-27,20.25,12.56,0.87,8.10337579638441
2012-09-01,18.37,12.57,0.87,8.3001495484142
2013-09-11,18.02,12.58,0.87,8.83915397771418
2013-10-20,17.53,13.26,0.87,10.1657353230606
2013-10-01,19.1,13.62,0.87,8.91894433675624
2013-10-04,17.94,13.67,0.87,8.70288308711845
2013-10-03,20.84,15.23,0.87,8.8808794390862
2012-02-12,2.73,-6.26,0.88,15.8786342871429
2013-01-22,-1.43,-5.09,0.88,13.5269712726727
2012-12-01,2.61,-4.31,0.88,13.1217524407414
2013-01-14,0.94,-3.4,0.88,13.1828340586238
2011-12-16,0.99,-2.65,0.88,13.3760801416031
2012-11-30,2.52,-2.57,0.88,12.3005726941049
2012-10-27,6.89,-0.94,0.88,11.2994297103261
2013-03-17,5.13,-0.32,0.88,12.5777825527296
2011-12-11,5.72,0.11,0.88,13.7491741373134
2012-11-11,8.39,0.46,0.88,12.0249497089544
2012-12-26,10.18,1.34,0.88,11.6725711951206
2012-04-24,11.94,2.27,0.88,10.0326027908213
2013-12-18,10.29,2.42,0.88,11.2999232883757
2013-10-14,12.58,6.51,0.88,10.0308578288761
2013-11-06,14.87,6.77,0.88,10.4785114663519
2012-11-17,12.44,7.04,0.88,11.4896696799855
2013-09-08,10.63,8.03,0.88,8.84021521130385
2012-11-13,14.66,10.06,0.88,10.704661240586
2012-09-25,15.14,10.07,0.88,9.22081783264438
2012-09-23,15.2,11.51,0.88,10.48501289071
2012-07-13,16.44,13.13,0.88,8.22849077287381
2012-08-24,20.93,15.04,0.88,7.89937266407726
2012-10-28,6.89,-0.94,0.882916666666667,12.0645978260145
2013-10-27,6.89,-0.94,0.882916666666667,10.1673871770312
2012-12-11,1.26,-2.49,0.89,11.7740591522612
2012-01-29,2.68,-0.24,0.89,14.1275866371841
2014-01-20,8.44,1.3,0.89,11.4308828747778
2014-01-21,6.26,1.97,0.89,11.3706013415024
2012-12-16,7.78,3.01,0.89,12.7608482267909
2013-12-09,11.01,3.17,0.89,11.2236781246094
2012-12-25,6.49,3.86,0.89,12.5093124209066
2012-11-23,10.7,3.97,0.89,11.0147053721469
2012-12-28,12.34,3.99,0.89,11.768871214366
2013-11-27,10.32,4.12,0.89,11.2999243954014
2012-10-29,12.4,5.47,0.89,11.005619020471
2012-04-08,10.81,5.58,0.89,10.6163328348507
2013-12-16,12.89,6.56,0.89,11.1700610692895
2011-11-24,12.93,7.01,0.89,8.536479996
2013-01-29,13.09,7.09,0.89,11.61870890213
2013-09-13,13.85,7.1,0.89,8.82940404737445
2012-10-10,14.99,7.37,0.89,9.63637158359646
2011-12-31,12.57,10.66,0.89,12.4360218951338
2013-11-01,13.97,11.48,0.89,9.82178135166635
2013-09-23,21.47,11.53,0.89,8.81850565127419
2013-10-31,13.11,11.61,0.89,9.97030379497207
2013-10-19,17.04,12.16,0.89,9.62103694427554
2012-09-30,16.24,12.37,0.89,10.1497844155844
2013-09-22,19.64,13.03,0.89,9.5127087561027
2012-07-07,18.77,14.28,0.89,8.4453850612709
2013-01-21,1.08,-4.23,0.9,13.6400919818397
2014-01-12,6.06,-1.79,0.9,12.752337201987
2012-02-13,3.42,-1.33,0.9,14.3054505665254
2012-03-04,7.01,-0.88,0.9,13.4635063580347
2014-01-29,2.53,0.18,0.9,11.8007765057256
2013-03-09,7.53,0.97,0.9,11.5598780610794
2013-11-09,7.04,1.24,0.9,11.3069205703875
2013-01-09,9.13,1.77,0.9,11.3348165006165
2013-11-08,11,2.54,0.9,10.5311736437584
2013-12-17,7.08,2.72,0.9,11.370127618027
2014-01-15,11.19,2.89,0.9,11.1848494391458
2013-04-10,11.3,2.98,0.9,10.3913719418458
2012-11-27,6.07,3.08,0.9,11.6814518979566
2012-01-01,12.59,4.86,0.9,12.4662652051095
2012-01-25,8.59,5.72,0.9,12.5534952612903
2012-05-02,7.73,5.92,0.9,9.28573214308036
2012-11-20,13.46,10.88,0.9,11.1047924795011
2013-09-21,18.89,14.25,0.9,9.04583946362069
2012-05-09,17.12,14.44,0.9,9.48135499318542
2013-08-23,19.59,14.94,0.9,7.82022996293547
2012-07-02,18.81,15.52,0.9,8.57434107323481
2013-08-21,21.34,16.81,0.9,7.68057386971136
2013-01-20,-0.46,-5.88,0.91,15.0218996733006
2013-01-16,-0.15,-4.7,0.91,13.1475355111535
2012-12-12,1.8,-3.83,0.91,13.2632607213316
2013-03-18,7.06,-1.32,0.91,11.8165725891348
2013-02-26,1.8,-1.18,0.91,12.573332295915
2013-01-02,10.82,0.23,0.91,12.0166554789006
2014-01-31,5.27,0.29,0.91,11.8579569248765
2014-01-30,5.86,0.61,0.91,11.6851688718349
2013-11-11,12.63,1.21,0.91,11.0079090206631
2013-12-10,7.65,2.06,0.91,11.3784299968518
2012-11-10,10.31,3.38,0.91,11.421789797775
2012-04-18,8.05,3.41,0.91,10.7933208024257
2012-11-21,11.87,3.42,0.91,11.3239184742589
2012-12-21,7.58,4.44,0.91,11.7767963030265
2012-03-02,8.23,4.77,0.91,11.8473117035921
2012-11-26,10.69,5,0.91,11.5082332729837
2012-12-24,12.3,5.49,0.91,12.0538786494105
2013-12-15,12.54,6.2,0.91,12.257546770274
2013-10-13,11.34,6.28,0.91,10.9675072976373
2013-10-15,14.87,6.42,0.91,9.64234974045376
2013-01-03,11.41,7.07,0.91,11.3992211533019
2012-10-19,14.01,8.9,0.91,10.1550247312942
2012-10-24,13.61,10.09,0.91,9.78420370344701
2013-10-17,17.16,10.5,0.91,9.47103368658325
2013-10-18,17.52,13.21,0.91,9.360215124264
2013-03-23,-2.27,-4.48,0.92,13.4292708131623
2012-12-14,10.34,-0.92,0.92,13.0831425731138
2013-12-26,4.53,-0.06,0.92,11.6558585151675
2012-02-06,4.08,0.15,0.92,14.0466916030534
2012-12-19,4.49,0.96,0.92,12.4012659286387
2012-11-04,7.03,1.18,0.92,12.6180360440862
2012-04-27,10.03,2.18,0.92,9.65954658007929
2012-11-12,12.18,3.72,0.92,11.402977572382
2012-11-16,7.75,4.89,0.92,11.2775345388065
2013-11-18,8.54,5.02,0.92,11.044271902528
2013-01-07,7.31,5.24,0.92,11.6575829856884
2012-11-15,9.07,5.43,0.92,10.9394820950814
2013-01-05,10.66,5.76,0.92,11.7098355089953
2013-10-12,11.47,6.46,0.92,9.59702380887097
2012-10-07,12.22,8.84,0.92,10.21282835372
2012-05-08,15.18,10.78,0.92,9.21898375255889
2012-10-23,16.18,13.08,0.92,10.0804348464804
2013-02-10,1.58,-4.17,0.93,13.5981282156848
2013-02-11,-1.66,-3.92,0.93,13.0586748727753
2013-01-11,5.7,-1.42,0.93,12.1099493560174
2013-12-11,6.34,0.46,0.93,11.7077109589628
2012-01-18,11.92,2.05,0.93,12.7892092528634
2011-11-23,10.36,2.18,0.93,6.95269231538462
2013-03-07,7.99,6.67,0.93,10.8894692678138
2013-10-02,18.68,14.03,0.93,8.92958875396277
2011-12-19,4.02,-3.67,0.94,13.7744709716129
2013-12-12,7.28,-0.88,0.94,11.641280485046
2013-01-10,2.36,-0.48,0.94,12.0667892249773
2011-12-21,12.14,3.84,0.94,12.1485701985673
2012-10-20,12.41,10.19,0.94,10.1418403647463
2012-01-24,8.56,-1.04,0.95,12.8722519374031
2012-06-02,12.19,10.97,0.95,8.44687436407378
2012-06-10,13.28,10.97,0.95,9.117167904172
2012-10-18,13.21,11.98,0.95,9.61126757649589
2013-09-12,18.3,14.82,0.95,8.56575233891541
2012-02-05,1.81,-4.68,0.96,15.9402381719243
2012-12-20,7.93,2.82,0.96,12.24311350458
2012-12-22,13.07,4.44,0.96,12.3587841216422
2013-01-06,6.98,5.08,0.96,12.4222632910543
2013-03-08,9.04,6.61,0.96,10.9301702281503
2012-10-22,14.05,12.46,0.96,10.2236387820314
2012-11-24,7.11,2.99,0.97,12.0949148140351
2012-10-21,14.79,12.02,0.98,10.9519319698141
